<?xml version="1.0"?>
<questestinterop xmlns="http://www.imsglobal.org/xsd/ims_qtiasiv1p2" xmlns:xsi="http://www.w3.org/2001/XMLSchema-instance" xsi:schemaLocation="http://www.imsglobal.org/xsd/ims_qtiasiv1p2 http://www.imsglobal.org/xsd/ims_qtiasiv1p2p1.xsd">
  <assessment ident="g4af166328566a964e78c31bfd32779ea" title="M2: Check for Understanding" external_assignment_id="875338">
    <qtimetadata>
      <qtimetadatafield>
        <fieldlabel>cc_maxattempts</fieldlabel>
        <fieldentry>unlimited</fieldentry>
      </qtimetadatafield>
    </qtimetadata>
    <section ident="root_section">
      <item ident="0ffdb469dd5f4b04f276fffa8a7686b9" title="">
        <itemmetadata>
          <qtimetadata>
            <qtimetadatafield>
              <fieldlabel>question_type</fieldlabel>
              <fieldentry>calculated_question</fieldentry>
            </qtimetadatafield>
            <qtimetadatafield>
              <fieldlabel>points_possible</fieldlabel>
              <fieldentry>1.0</fieldentry>
            </qtimetadatafield>
            <qtimetadatafield>
              <fieldlabel>original_answer_ids</fieldlabel>
              <fieldentry/>
            </qtimetadatafield>
            <qtimetadatafield>
              <fieldlabel>assessment_question_identifierref</fieldlabel>
              <fieldentry>8cdb4a13d5565c636c2a9da63ace4e8e</fieldentry>
            </qtimetadatafield>
            <qtimetadatafield>
              <fieldlabel>calculator_type</fieldlabel>
              <fieldentry>scientific</fieldentry>
            </qtimetadatafield>
          </qtimetadata>
        </itemmetadata>
        <presentation>
          <material>
            <mattext texttype="text/html">&lt;p&gt;A certain nebula is enclosing a roughly spherical area with volume of `a`&#xD7;10&lt;sup&gt;57&lt;/sup&gt; cm&lt;sup&gt;3&lt;/sup&gt;, and there are 1000 hydrogen atoms per cm&lt;sup&gt;3&lt;/sup&gt;. How many stars like our Sun could be formed from this nebula? Note, our Sun is composed of 1.00&#xD7;10&lt;sup&gt;57&lt;/sup&gt; hydrogen atoms.&amp;nbsp;&lt;/p&gt;</mattext>
          </material>
          <response_str ident="response1" rcardinality="Single">
            <render_fib fibtype="Decimal">
              <response_label ident="answer1"/>
            </render_fib>
          </response_str>
        </presentation>
        <resprocessing>
          <outcomes>
            <decvar maxvalue="100" minvalue="0" varname="SCORE" vartype="Decimal"/>
          </outcomes>
          <respcondition title="correct">
            <conditionvar>
              <other/>
            </conditionvar>
            <setvar varname="SCORE" action="Set">100</setvar>
          </respcondition>
          <respcondition title="incorrect">
            <conditionvar>
              <not>
                <other/>
              </not>
            </conditionvar>
            <setvar varname="SCORE" action="Set">0</setvar>
          </respcondition>
        </resprocessing>
        <itemproc_extension>
          <calculated>
            <answer_tolerance margin_type="absolute">0</answer_tolerance>
            <formulas decimal_places="" scientific_notation="false">
              <formula>1000*a</formula>
            </formulas>
            <vars>
              <var name="a" scale="2">
                <min>2.00</min>
                <max>10.00</max>
              </var>
            </vars>
            <var_sets>
              <var_set ident="a983c85ee21b1bf15e537e3729f178d2">
                <var name="a">8.14</var>
                <answer>8140</answer>
              </var_set>
              <var_set ident="f72dd59bdf7c477c41bf6e9de5b3f0f3">
                <var name="a">5.73</var>
                <answer>5730</answer>
              </var_set>
              <var_set ident="2bb8d7ce32caf6b34dc0564cac31124b">
                <var name="a">5.69</var>
                <answer>5690</answer>
              </var_set>
              <var_set ident="19983022d4165a379f07c4828b62e2c8">
                <var name="a">7.12</var>
                <answer>7120</answer>
              </var_set>
              <var_set ident="625b88bba03040155f4713015c3b7e73">
                <var name="a">6.87</var>
                <answer>6870</answer>
              </var_set>
              <var_set ident="81629d44f01aecc562c70310ec486a88">
                <var name="a">3.55</var>
                <answer>3550</answer>
              </var_set>
              <var_set ident="a83283a6337dd36faf2f4df82dec3892">
                <var name="a">5.78</var>
                <answer>5780</answer>
              </var_set>
              <var_set ident="b8477d6057537f368c82a933161d28c4">
                <var name="a">4.16</var>
                <answer>4160</answer>
              </var_set>
              <var_set ident="fdb68763bd357dea4bdb1db5faf1269f">
                <var name="a">4.04</var>
                <answer>4040</answer>
              </var_set>
              <var_set ident="16c3be3554481209990ae0648c4d8ec3">
                <var name="a">3.83</var>
                <answer>3830</answer>
              </var_set>
              <var_set ident="0b077ea316fd25f96460a4102cc37006">
                <var name="a">8.65</var>
                <answer>8650</answer>
              </var_set>
              <var_set ident="fc474294d40306c8fe0e974f196ef20e">
                <var name="a">5.42</var>
                <answer>5420</answer>
              </var_set>
              <var_set ident="d2529bca0adf9a65e1180d0078775519">
                <var name="a">2.94</var>
                <answer>2940</answer>
              </var_set>
              <var_set ident="0b546825762f4914adf04c7d902fa8d8">
                <var name="a">2.22</var>
                <answer>2220</answer>
              </var_set>
              <var_set ident="87fa4230b1ba4096bf08bbcc2fa95cbb">
                <var name="a">2.57</var>
                <answer>2570</answer>
              </var_set>
              <var_set ident="c800c6a594fb4c677a774bab3f96106c">
                <var name="a">3.91</var>
                <answer>3910</answer>
              </var_set>
              <var_set ident="00544da3502ebfe5fa27d93abc22cc45">
                <var name="a">10.00</var>
                <answer>10000</answer>
              </var_set>
              <var_set ident="508d8408241904d042b3d74bb7dddb89">
                <var name="a">8.18</var>
                <answer>8180</answer>
              </var_set>
              <var_set ident="277f3432cc62b3d81be2152153c9a1d7">
                <var name="a">9.15</var>
                <answer>9150</answer>
              </var_set>
              <var_set ident="37cb24cb42686bc1bc0e1e92c9d30afc">
                <var name="a">8.57</var>
                <answer>8570</answer>
              </var_set>
              <var_set ident="045df65269bf179f3f78897fe9d3c934">
                <var name="a">9.00</var>
                <answer>9000</answer>
              </var_set>
              <var_set ident="87ca7eca63a22e9505c19c55b7dea6a1">
                <var name="a">3.36</var>
                <answer>3360</answer>
              </var_set>
              <var_set ident="43d772bbc3c7417dc8dd761f8832c88c">
                <var name="a">3.54</var>
                <answer>3540</answer>
              </var_set>
              <var_set ident="90612e2e5312ed12e8a35ba96a8e3739">
                <var name="a">6.10</var>
                <answer>6100</answer>
              </var_set>
              <var_set ident="e9f5b0ab714f7ff87c099425a39753b2">
                <var name="a">7.97</var>
                <answer>7970</answer>
              </var_set>
              <var_set ident="c963416aead84972c6db322a4fd6dc6c">
                <var name="a">5.81</var>
                <answer>5810</answer>
              </var_set>
              <var_set ident="9db32611703cffb2d6e710fe68ff063f">
                <var name="a">3.68</var>
                <answer>3680</answer>
              </var_set>
              <var_set ident="b803b3e5c5df3230eedf0e522990490c">
                <var name="a">2.47</var>
                <answer>2470</answer>
              </var_set>
              <var_set ident="6cad4aa17838557405691dbec4a7b7b8">
                <var name="a">5.84</var>
                <answer>5840</answer>
              </var_set>
              <var_set ident="f7e098b3dadf607825a8c53485126cb0">
                <var name="a">4.92</var>
                <answer>4920</answer>
              </var_set>
              <var_set ident="24ffdb63d1b0a1cf26fed5dad68428c9">
                <var name="a">3.15</var>
                <answer>3150</answer>
              </var_set>
              <var_set ident="b1a0334be0fcce089a3a5a6a5283b651">
                <var name="a">8.63</var>
                <answer>8630</answer>
              </var_set>
              <var_set ident="0209659cb3966248a594e11ebc5f98fc">
                <var name="a">3.06</var>
                <answer>3060</answer>
              </var_set>
              <var_set ident="8c71e2250d1084cdec7742b55a9a6fc8">
                <var name="a">5.48</var>
                <answer>5480</answer>
              </var_set>
              <var_set ident="8cf2b3fcaeed813ee94cdddf6dae0141">
                <var name="a">5.36</var>
                <answer>5360</answer>
              </var_set>
              <var_set ident="e3cef145a89c0679f8ab243ce47e753f">
                <var name="a">9.52</var>
                <answer>9520</answer>
              </var_set>
              <var_set ident="cb150adfefdb1daded79946c10180916">
                <var name="a">5.91</var>
                <answer>5910</answer>
              </var_set>
              <var_set ident="22501069261ba48db013abe1f9662601">
                <var name="a">3.26</var>
                <answer>3260</answer>
              </var_set>
              <var_set ident="4c9c97fa5cb8ddc87a8a6e73351b8814">
                <var name="a">7.39</var>
                <answer>7390</answer>
              </var_set>
              <var_set ident="76a39184218e4b4cb2f34fd933336ba0">
                <var name="a">4.33</var>
                <answer>4330</answer>
              </var_set>
              <var_set ident="e6cb25729b71075dbdd99603a9643a77">
                <var name="a">9.88</var>
                <answer>9880</answer>
              </var_set>
              <var_set ident="704de1f6087386bceb728f35ea4a3c0d">
                <var name="a">5.59</var>
                <answer>5590</answer>
              </var_set>
              <var_set ident="514e5f8a721f84cf0db0b1d261998929">
                <var name="a">8.19</var>
                <answer>8190</answer>
              </var_set>
              <var_set ident="d80a994d80f7707c7241212d0ed10ba1">
                <var name="a">3.07</var>
                <answer>3070</answer>
              </var_set>
              <var_set ident="9dcbe4be4e5c831dffe517fbb7f019d9">
                <var name="a">7.32</var>
                <answer>7320</answer>
              </var_set>
              <var_set ident="9c767b3cd8ae66239fd90c828a818ccc">
                <var name="a">7.56</var>
                <answer>7560</answer>
              </var_set>
              <var_set ident="69c514be099840ecff4cb06ec62563c9">
                <var name="a">3.79</var>
                <answer>3790</answer>
              </var_set>
              <var_set ident="5fbf0c0cb4f13fbec4c63b812edb4f28">
                <var name="a">4.85</var>
                <answer>4850</answer>
              </var_set>
              <var_set ident="92ec3b327c1026af37194798f67d65d4">
                <var name="a">4.36</var>
                <answer>4360</answer>
              </var_set>
              <var_set ident="1c83800835fb6be895dab4e118b79555">
                <var name="a">3.69</var>
                <answer>3690</answer>
              </var_set>
              <var_set ident="b56f3c5aa3c66a63239f5348178509b5">
                <var name="a">9.06</var>
                <answer>9060</answer>
              </var_set>
              <var_set ident="54ba3beba9d4a6237ef93fe87e442460">
                <var name="a">7.96</var>
                <answer>7960</answer>
              </var_set>
              <var_set ident="6d98174041f62b54aacc2bd06106c3c2">
                <var name="a">2.73</var>
                <answer>2730</answer>
              </var_set>
              <var_set ident="1d03619bda32807b066e16f2dd9b0c72">
                <var name="a">7.64</var>
                <answer>7640</answer>
              </var_set>
              <var_set ident="13631eaf093439af3b3bdefff3183bcf">
                <var name="a">2.70</var>
                <answer>2700</answer>
              </var_set>
              <var_set ident="5aa64fe5b48a63ab384a69dca1a474b4">
                <var name="a">7.62</var>
                <answer>7620</answer>
              </var_set>
              <var_set ident="ab0d6fa2fecefb7353f7397054dc87a4">
                <var name="a">9.08</var>
                <answer>9080</answer>
              </var_set>
              <var_set ident="6d8fd2c0e6f3c3346e94a1f04df18559">
                <var name="a">7.19</var>
                <answer>7190</answer>
              </var_set>
              <var_set ident="37cfefbdd64e9912bb42c9768de7c676">
                <var name="a">5.11</var>
                <answer>5110</answer>
              </var_set>
              <var_set ident="5dec41c1b500388ccb8c3499e2b0809a">
                <var name="a">2.55</var>
                <answer>2550</answer>
              </var_set>
              <var_set ident="007f565c1358862dcff98f7dc06667e3">
                <var name="a">2.78</var>
                <answer>2780</answer>
              </var_set>
              <var_set ident="082fca405f7e0efd7b30c9e70040d25a">
                <var name="a">8.11</var>
                <answer>8110</answer>
              </var_set>
              <var_set ident="356e06ad831be2588311e37a754d0f8a">
                <var name="a">7.16</var>
                <answer>7160</answer>
              </var_set>
              <var_set ident="f97608db7a1d6529b308447816590122">
                <var name="a">4.50</var>
                <answer>4500</answer>
              </var_set>
              <var_set ident="f340a1a97e35265caf6b04709068e6e5">
                <var name="a">5.16</var>
                <answer>5160</answer>
              </var_set>
              <var_set ident="ccb3da991746910a6904bf4462f9bfa7">
                <var name="a">6.60</var>
                <answer>6600</answer>
              </var_set>
              <var_set ident="5b5a058c5e789fa202a35db6ad9c2386">
                <var name="a">3.21</var>
                <answer>3210</answer>
              </var_set>
              <var_set ident="90efa0941870d7614b84639633c95d17">
                <var name="a">2.84</var>
                <answer>2840</answer>
              </var_set>
              <var_set ident="4a2e2c081d01e9518b59ca0e20709616">
                <var name="a">3.37</var>
                <answer>3370</answer>
              </var_set>
              <var_set ident="0d3b8a058e0a31903753c1dc2986c94a">
                <var name="a">6.07</var>
                <answer>6070</answer>
              </var_set>
              <var_set ident="081a949d4576ae901def3205182e59fb">
                <var name="a">8.46</var>
                <answer>8460</answer>
              </var_set>
              <var_set ident="1307b0b6da4cc83c24c29fee3eba4d6c">
                <var name="a">9.97</var>
                <answer>9970</answer>
              </var_set>
              <var_set ident="1e8b94760d52e79640f42e0a32766cfe">
                <var name="a">8.17</var>
                <answer>8170</answer>
              </var_set>
              <var_set ident="7aab419102b32f8d5b12ca3aad941436">
                <var name="a">3.46</var>
                <answer>3460</answer>
              </var_set>
              <var_set ident="e5952d0ac4aa744c727d79e876cf679b">
                <var name="a">4.82</var>
                <answer>4820</answer>
              </var_set>
              <var_set ident="1c19bbebba2e10c817b6e6167dffe1d4">
                <var name="a">2.03</var>
                <answer>2030</answer>
              </var_set>
              <var_set ident="7701fc078f2cafd173a04e98507e9a42">
                <var name="a">2.07</var>
                <answer>2070</answer>
              </var_set>
              <var_set ident="1d8c7da0e8834a44b0635b945266804a">
                <var name="a">4.00</var>
                <answer>4000</answer>
              </var_set>
              <var_set ident="460c5a0e4e8894abace8df90328b1cb3">
                <var name="a">6.96</var>
                <answer>6960</answer>
              </var_set>
              <var_set ident="227c6503dd0f5fb9a93d8751e6c5fd54">
                <var name="a">5.00</var>
                <answer>5000</answer>
              </var_set>
              <var_set ident="5a8e9b59d8b44ca2604a6c44ddc1fc93">
                <var name="a">9.53</var>
                <answer>9530</answer>
              </var_set>
              <var_set ident="15dfdf23fd90d65426fe17e63d66634a">
                <var name="a">5.62</var>
                <answer>5620</answer>
              </var_set>
              <var_set ident="3a06f218484dd29bd2dc754c45cabe91">
                <var name="a">3.43</var>
                <answer>3430</answer>
              </var_set>
              <var_set ident="20ba78d58c1b2a0c2dc6a35d736236ff">
                <var name="a">5.26</var>
                <answer>5260</answer>
              </var_set>
              <var_set ident="a0a616f757ec94f447a8aebda6ecfd8f">
                <var name="a">2.27</var>
                <answer>2270</answer>
              </var_set>
              <var_set ident="6873d9ccef24a1c668989fa46ceb7f21">
                <var name="a">4.54</var>
                <answer>4540</answer>
              </var_set>
              <var_set ident="a72bf1fc76ac08c30c069a5d4627c429">
                <var name="a">2.88</var>
                <answer>2880</answer>
              </var_set>
              <var_set ident="f2246c99e0f596156a558d3d0b6b6910">
                <var name="a">2.34</var>
                <answer>2340</answer>
              </var_set>
              <var_set ident="0dea1da3f854ffaa72a46f902768bfd4">
                <var name="a">9.23</var>
                <answer>9230</answer>
              </var_set>
              <var_set ident="837425e36762a7a53c39d64902df67f8">
                <var name="a">7.67</var>
                <answer>7670</answer>
              </var_set>
              <var_set ident="4d1045b282a0bbc81b873ade6796f183">
                <var name="a">5.99</var>
                <answer>5990</answer>
              </var_set>
              <var_set ident="9bcda5f4bc4bc1834d1055c6255c5c9e">
                <var name="a">7.15</var>
                <answer>7150</answer>
              </var_set>
              <var_set ident="564916e44a57e6a0d07e187b7fcaf678">
                <var name="a">9.19</var>
                <answer>9190</answer>
              </var_set>
              <var_set ident="8c08163939040111cfc70e18aaca84e8">
                <var name="a">2.51</var>
                <answer>2510</answer>
              </var_set>
              <var_set ident="99b9ae19b46dcae5974247ad6420c9bf">
                <var name="a">4.64</var>
                <answer>4640</answer>
              </var_set>
              <var_set ident="ff7cc1c4ab2e80959df204390b41a7e8">
                <var name="a">3.38</var>
                <answer>3380</answer>
              </var_set>
              <var_set ident="13f4317ec9a68d244147c420e14f7912">
                <var name="a">5.29</var>
                <answer>5290</answer>
              </var_set>
              <var_set ident="403fc42f64ffb76b8615960c51585d01">
                <var name="a">7.68</var>
                <answer>7680</answer>
              </var_set>
              <var_set ident="f3df40a4d366d9ac8a5606cfccc76de5">
                <var name="a">7.78</var>
                <answer>7780</answer>
              </var_set>
              <var_set ident="44389c574ce71b395c3b7d5b2858e9cb">
                <var name="a">6.84</var>
                <answer>6840</answer>
              </var_set>
              <var_set ident="13d445c9ea8c3209a7703275a6cbe684">
                <var name="a">2.75</var>
                <answer>2750</answer>
              </var_set>
              <var_set ident="51c34a3153e47d558abd78fbe5f7b7fc">
                <var name="a">6.91</var>
                <answer>6910</answer>
              </var_set>
              <var_set ident="745ad3319d14bb6dec60b6ae3ac7c3c0">
                <var name="a">7.22</var>
                <answer>7220</answer>
              </var_set>
              <var_set ident="4a317147298ebd9c832a983e8eb9bb01">
                <var name="a">3.88</var>
                <answer>3880</answer>
              </var_set>
              <var_set ident="0d3af89e3996d2d4dd635e2266e92ba4">
                <var name="a">4.73</var>
                <answer>4730</answer>
              </var_set>
              <var_set ident="7f236b46e604f6e9f48e19f9576f895c">
                <var name="a">7.07</var>
                <answer>7070</answer>
              </var_set>
              <var_set ident="c343c1cf477e356cf01e4d1b97ede657">
                <var name="a">7.55</var>
                <answer>7550</answer>
              </var_set>
              <var_set ident="ae164e21c21a7e9e6b1346a5416a4af2">
                <var name="a">7.88</var>
                <answer>7880</answer>
              </var_set>
              <var_set ident="74715009d45a60a684b7a092751d8838">
                <var name="a">8.12</var>
                <answer>8120</answer>
              </var_set>
              <var_set ident="b45e4e89e4528008cff4fcd866a67116">
                <var name="a">8.99</var>
                <answer>8990</answer>
              </var_set>
              <var_set ident="02cc782c4b89509a4bc185ae03dddaca">
                <var name="a">9.61</var>
                <answer>9610</answer>
              </var_set>
              <var_set ident="a5b4269c21c797cdbd9939ffe8efb487">
                <var name="a">5.37</var>
                <answer>5370</answer>
              </var_set>
              <var_set ident="ec85c3ac3da931aad109aad1e02e4c81">
                <var name="a">3.96</var>
                <answer>3960</answer>
              </var_set>
              <var_set ident="45f34d2857ea2d072e11fd7123a42e08">
                <var name="a">6.30</var>
                <answer>6300</answer>
              </var_set>
              <var_set ident="063690e3d1963d34a064f863b8cb6ccd">
                <var name="a">9.89</var>
                <answer>9890</answer>
              </var_set>
              <var_set ident="011afbdb20ebc04a2a11560c07d1b6bd">
                <var name="a">8.20</var>
                <answer>8200</answer>
              </var_set>
              <var_set ident="2dc82278f1bae6223e4b277438541342">
                <var name="a">4.91</var>
                <answer>4910</answer>
              </var_set>
              <var_set ident="28237f1520107354c1c3938b4d1f2c5f">
                <var name="a">3.44</var>
                <answer>3440</answer>
              </var_set>
              <var_set ident="0672cab07d482b199448568803e21bf6">
                <var name="a">6.72</var>
                <answer>6720</answer>
              </var_set>
              <var_set ident="99bd143cddd8332d84d7fa5544ab69c1">
                <var name="a">8.34</var>
                <answer>8340</answer>
              </var_set>
              <var_set ident="faa0e8dcae949d6749fb1473dcea5b44">
                <var name="a">6.04</var>
                <answer>6040</answer>
              </var_set>
              <var_set ident="b087c50d2ff6f811252927d80220339d">
                <var name="a">5.05</var>
                <answer>5050</answer>
              </var_set>
              <var_set ident="9020ab137339595adbad8e82a8c0c071">
                <var name="a">3.60</var>
                <answer>3600</answer>
              </var_set>
              <var_set ident="8079cd322cc1178d000ad97ff5c128aa">
                <var name="a">9.41</var>
                <answer>9410</answer>
              </var_set>
              <var_set ident="310abfbed5f84380b17b9be8cbac03d9">
                <var name="a">3.32</var>
                <answer>3320</answer>
              </var_set>
              <var_set ident="48c8f628428eae8f8bf2ed83501ffc45">
                <var name="a">8.94</var>
                <answer>8940</answer>
              </var_set>
              <var_set ident="6235d5230474f6d973ba2b46fed49878">
                <var name="a">8.05</var>
                <answer>8050</answer>
              </var_set>
              <var_set ident="4f6cf0265362b264ab9332f42a81ba1d">
                <var name="a">5.53</var>
                <answer>5530</answer>
              </var_set>
              <var_set ident="d2243db1acaf253956669ad582ceaff0">
                <var name="a">8.59</var>
                <answer>8590</answer>
              </var_set>
              <var_set ident="02b8ed1e83f4fbd31ffdd7753af3c690">
                <var name="a">5.71</var>
                <answer>5710</answer>
              </var_set>
              <var_set ident="d84c5c00f16a44898cc610878f71f7cf">
                <var name="a">7.59</var>
                <answer>7590</answer>
              </var_set>
              <var_set ident="0b1593bd3a329a047f66a20fccdd6cc8">
                <var name="a">2.63</var>
                <answer>2630</answer>
              </var_set>
              <var_set ident="8a5c23b91c8745eae60f730bf3defc92">
                <var name="a">2.93</var>
                <answer>2930</answer>
              </var_set>
              <var_set ident="a6de8a3e7a83ed586f825315ebdad3dd">
                <var name="a">5.07</var>
                <answer>5070</answer>
              </var_set>
              <var_set ident="a5aa015e8fb8b8f0a01b1c214b593a4c">
                <var name="a">5.23</var>
                <answer>5230</answer>
              </var_set>
              <var_set ident="c8857d5a59093f60da503c2efb5e72e0">
                <var name="a">9.34</var>
                <answer>9340</answer>
              </var_set>
              <var_set ident="4f3d3dbb4eaeca3ecaf5db925f4b1734">
                <var name="a">5.49</var>
                <answer>5490</answer>
              </var_set>
              <var_set ident="07f42739994dbf51710b4ea352d954d5">
                <var name="a">7.04</var>
                <answer>7040</answer>
              </var_set>
              <var_set ident="558244e3e54cf3e8b5c679a43851a3bd">
                <var name="a">6.68</var>
                <answer>6680</answer>
              </var_set>
              <var_set ident="047e1d3190fa9210c9e00f7e4547b347">
                <var name="a">6.93</var>
                <answer>6930</answer>
              </var_set>
              <var_set ident="bd09b163079b4ff5249091a14528df8b">
                <var name="a">2.18</var>
                <answer>2180</answer>
              </var_set>
              <var_set ident="89d94bdc6c77f95c744880b1a29a4e13">
                <var name="a">3.61</var>
                <answer>3610</answer>
              </var_set>
              <var_set ident="05230f614a7c1b81f52b716e6978e2e3">
                <var name="a">2.13</var>
                <answer>2130</answer>
              </var_set>
              <var_set ident="cd4e7543dc9e4a6b9f5313da8840e1c8">
                <var name="a">9.64</var>
                <answer>9640</answer>
              </var_set>
              <var_set ident="4033311122d5db76a88993dc2bd7f07b">
                <var name="a">9.65</var>
                <answer>9650</answer>
              </var_set>
              <var_set ident="c0c7d550a31c3af9e400f3ec856d6fa3">
                <var name="a">2.65</var>
                <answer>2650</answer>
              </var_set>
              <var_set ident="e1e00528e77926e971cb8df8955c9473">
                <var name="a">5.68</var>
                <answer>5680</answer>
              </var_set>
              <var_set ident="8105847ecad1e24691e94264d0afe133">
                <var name="a">3.49</var>
                <answer>3490</answer>
              </var_set>
              <var_set ident="ac7bde4e832016766268288c4a251adb">
                <var name="a">8.49</var>
                <answer>8490</answer>
              </var_set>
              <var_set ident="7f86af4b03872aaa82f8012bcb32e288">
                <var name="a">7.43</var>
                <answer>7430</answer>
              </var_set>
              <var_set ident="a3ef7b35955c158193b5c261578ce25c">
                <var name="a">2.76</var>
                <answer>2760</answer>
              </var_set>
              <var_set ident="3785d189fae95abc8073f98047c8e90f">
                <var name="a">6.59</var>
                <answer>6590</answer>
              </var_set>
              <var_set ident="57b4e017b83cdd791b7a09e8f857ad7c">
                <var name="a">2.81</var>
                <answer>2810</answer>
              </var_set>
              <var_set ident="4886c726e3ab3e535f958a0b42284062">
                <var name="a">6.39</var>
                <answer>6390</answer>
              </var_set>
              <var_set ident="daeee6aad657b44d543ae7def06c5079">
                <var name="a">8.33</var>
                <answer>8330</answer>
              </var_set>
              <var_set ident="39fe24de1917ea6987476a9d2c817996">
                <var name="a">7.42</var>
                <answer>7420</answer>
              </var_set>
              <var_set ident="1b57ed043fff2e8dfa55fa565be5e553">
                <var name="a">3.71</var>
                <answer>3710</answer>
              </var_set>
              <var_set ident="e5fd42d028205a7f8c4ccae7fac36d12">
                <var name="a">8.06</var>
                <answer>8060</answer>
              </var_set>
              <var_set ident="18680f3a3838666f630a11dd9bd0e93a">
                <var name="a">8.68</var>
                <answer>8680</answer>
              </var_set>
              <var_set ident="630913ea33aa143d2797f2de53909479">
                <var name="a">2.23</var>
                <answer>2230</answer>
              </var_set>
              <var_set ident="19ea402e10dfe358d617a292ea7bcdef">
                <var name="a">6.50</var>
                <answer>6500</answer>
              </var_set>
              <var_set ident="ee6e25ef8aa466e374c5c52f96258e0a">
                <var name="a">6.51</var>
                <answer>6510</answer>
              </var_set>
              <var_set ident="1f5dcda2b18c1fe45f0facf08d10fb5e">
                <var name="a">9.49</var>
                <answer>9490</answer>
              </var_set>
              <var_set ident="630a5ec98d53737fa8436c5e2a6d8abf">
                <var name="a">5.75</var>
                <answer>5750</answer>
              </var_set>
              <var_set ident="6299891f136c7e859eec04ce0ed95538">
                <var name="a">8.56</var>
                <answer>8560</answer>
              </var_set>
              <var_set ident="82662f22bdc35ea8c9bb919b099735d5">
                <var name="a">3.35</var>
                <answer>3350</answer>
              </var_set>
              <var_set ident="c65bc1a76cfa47ff063119e9a8ec927f">
                <var name="a">3.27</var>
                <answer>3270</answer>
              </var_set>
              <var_set ident="4b988f3facc5b7893ebcd70fdbe1d6d2">
                <var name="a">3.52</var>
                <answer>3520</answer>
              </var_set>
              <var_set ident="353d2d1aabd010867493de7900e449a9">
                <var name="a">2.37</var>
                <answer>2370</answer>
              </var_set>
              <var_set ident="824431a85be175105d8bca36247a8f67">
                <var name="a">4.69</var>
                <answer>4690</answer>
              </var_set>
              <var_set ident="1e119f5f69c68fdaccbca6eda05aec98">
                <var name="a">6.52</var>
                <answer>6520</answer>
              </var_set>
              <var_set ident="8b144a645361173172415cdd03ef8ecf">
                <var name="a">4.61</var>
                <answer>4610</answer>
              </var_set>
              <var_set ident="9ae5a84d42d5361a8753fb9158ffe19e">
                <var name="a">4.47</var>
                <answer>4470</answer>
              </var_set>
              <var_set ident="ed2a319ee9ef9d8ce88fc7710ec7c7c7">
                <var name="a">3.03</var>
                <answer>3030</answer>
              </var_set>
              <var_set ident="7b570d992c5652e94344ca5bd7396537">
                <var name="a">2.28</var>
                <answer>2280</answer>
              </var_set>
              <var_set ident="1a8538ed2caf989f1c34a31807eb5824">
                <var name="a">9.36</var>
                <answer>9360</answer>
              </var_set>
              <var_set ident="4b8b7bfe15596052348b4a9ce1f2ecbe">
                <var name="a">3.64</var>
                <answer>3640</answer>
              </var_set>
              <var_set ident="71d138e8ea76386e7446a51a21904a11">
                <var name="a">5.63</var>
                <answer>5630</answer>
              </var_set>
              <var_set ident="e7ceb09b6b0d7c6b32d135cdae38942c">
                <var name="a">9.03</var>
                <answer>9030</answer>
              </var_set>
              <var_set ident="f39580fe82c39a14a006ed3c329052e3">
                <var name="a">9.86</var>
                <answer>9860</answer>
              </var_set>
              <var_set ident="e979e16ce2e5e66acfbea5352e9c92d9">
                <var name="a">8.84</var>
                <answer>8840</answer>
              </var_set>
              <var_set ident="f404992f5a57c8e7727edc967e69de53">
                <var name="a">2.05</var>
                <answer>2050</answer>
              </var_set>
              <var_set ident="0b4f675b04440ec30f72263740b40348">
                <var name="a">4.30</var>
                <answer>4300</answer>
              </var_set>
              <var_set ident="9c4b7f362d27bc59759b1642e9888d90">
                <var name="a">9.60</var>
                <answer>9600</answer>
              </var_set>
              <var_set ident="0876b8ffc94eeb460b3a131aa9a63e9b">
                <var name="a">6.13</var>
                <answer>6130</answer>
              </var_set>
              <var_set ident="c8cc1ac824319a42da85631c02d383a8">
                <var name="a">6.41</var>
                <answer>6410</answer>
              </var_set>
              <var_set ident="9289ff9b0103d73255261c40322e0446">
                <var name="a">3.51</var>
                <answer>3510</answer>
              </var_set>
              <var_set ident="57d424de55ce040043e5527fac56a127">
                <var name="a">3.87</var>
                <answer>3870</answer>
              </var_set>
              <var_set ident="0ad574bc3ac55d4b0c205185c8e06539">
                <var name="a">8.80</var>
                <answer>8800</answer>
              </var_set>
              <var_set ident="b4fa2e38d139eea79c0bb661db361c2f">
                <var name="a">9.73</var>
                <answer>9730</answer>
              </var_set>
              <var_set ident="92a456eb574244760d0f014edab0d751">
                <var name="a">2.29</var>
                <answer>2290</answer>
              </var_set>
              <var_set ident="4389be04870b399c5f2c3c82fc336672">
                <var name="a">7.75</var>
                <answer>7750</answer>
              </var_set>
              <var_set ident="a7792153904e069733e917e52d17f7f7">
                <var name="a">5.51</var>
                <answer>5510</answer>
              </var_set>
              <var_set ident="9567ad28cdf01c670f290de08797ec77">
                <var name="a">6.31</var>
                <answer>6310</answer>
              </var_set>
              <var_set ident="4815f8b4c986d433d7d91aef66cb45ee">
                <var name="a">8.83</var>
                <answer>8830</answer>
              </var_set>
              <var_set ident="aab590b22faab5e30ffa501f4cf8c0c6">
                <var name="a">7.10</var>
                <answer>7100</answer>
              </var_set>
              <var_set ident="542b11f93b2a3c876b9837c439b61c7c">
                <var name="a">6.66</var>
                <answer>6660</answer>
              </var_set>
              <var_set ident="aef9340c93aa5f273ccc39a5035a2102">
                <var name="a">5.64</var>
                <answer>5640</answer>
              </var_set>
              <var_set ident="bf86f5bccdf2458c4b85aaf6cc794c5f">
                <var name="a">8.69</var>
                <answer>8690</answer>
              </var_set>
              <var_set ident="eec5327a8ee456f6fd7b43e5fff07c08">
                <var name="a">3.08</var>
                <answer>3080</answer>
              </var_set>
            </var_sets>
          </calculated>
        </itemproc_extension>
      </item>
      <item ident="ea3f37d5e6a083cc981d2a09c9334716" title="">
        <itemmetadata>
          <qtimetadata>
            <qtimetadatafield>
              <fieldlabel>question_type</fieldlabel>
              <fieldentry>calculated_question</fieldentry>
            </qtimetadatafield>
            <qtimetadatafield>
              <fieldlabel>points_possible</fieldlabel>
              <fieldentry>1.0</fieldentry>
            </qtimetadatafield>
            <qtimetadatafield>
              <fieldlabel>original_answer_ids</fieldlabel>
              <fieldentry/>
            </qtimetadatafield>
            <qtimetadatafield>
              <fieldlabel>assessment_question_identifierref</fieldlabel>
              <fieldentry>f2023e09f7f0b1523d4410b6220948b2</fieldentry>
            </qtimetadatafield>
            <qtimetadatafield>
              <fieldlabel>calculator_type</fieldlabel>
              <fieldentry>scientific</fieldentry>
            </qtimetadatafield>
          </qtimetadata>
        </itemmetadata>
        <presentation>
          <material>
            <mattext texttype="text/html">&lt;p&gt;A certain star in the night sky has an absolute magnitude of +`m`. How many times brighter is this star than our Sun?&amp;nbsp;&lt;br&gt;Note, the magnitude of our Sun is +4.8.&lt;/p&gt;</mattext>
          </material>
          <response_str ident="response1" rcardinality="Single">
            <render_fib fibtype="Decimal">
              <response_label ident="answer1"/>
            </render_fib>
          </response_str>
        </presentation>
        <resprocessing>
          <outcomes>
            <decvar maxvalue="100" minvalue="0" varname="SCORE" vartype="Decimal"/>
          </outcomes>
          <respcondition title="correct">
            <conditionvar>
              <other/>
            </conditionvar>
            <setvar varname="SCORE" action="Set">100</setvar>
          </respcondition>
          <respcondition title="incorrect">
            <conditionvar>
              <not>
                <other/>
              </not>
            </conditionvar>
            <setvar varname="SCORE" action="Set">0</setvar>
          </respcondition>
        </resprocessing>
        <itemproc_extension>
          <calculated>
            <answer_tolerance margin_type="percent">2%</answer_tolerance>
            <formulas decimal_places="1" scientific_notation="false">
              <formula>2.51^(4.8-m)</formula>
            </formulas>
            <vars>
              <var name="m" scale="2">
                <min>0.10</min>
                <max>2.00</max>
              </var>
            </vars>
            <var_sets>
              <var_set ident="c2ba4de09c0344cbd50d9a90c0513813">
                <var name="m">1.05</var>
                <answer>31.5</answer>
              </var_set>
              <var_set ident="6e26ea9d8ebff907a17328363d7b5112">
                <var name="m">1.00</var>
                <answer>33.0</answer>
              </var_set>
              <var_set ident="f15b4a7926c0364b30de4b46067461bf">
                <var name="m">1.93</var>
                <answer>14.0</answer>
              </var_set>
              <var_set ident="7e71a04c053d0aa5b978f22c1752ba4f">
                <var name="m">1.30</var>
                <answer>25.1</answer>
              </var_set>
              <var_set ident="37f19753ff37b0dad5da989136db42f3">
                <var name="m">0.70</var>
                <answer>43.5</answer>
              </var_set>
              <var_set ident="42e5b15afba5834639401d2ff7ecbaf7">
                <var name="m">0.99</var>
                <answer>33.3</answer>
              </var_set>
              <var_set ident="57a7cb8226153dedb9d0f14085895968">
                <var name="m">1.88</var>
                <answer>14.7</answer>
              </var_set>
              <var_set ident="a608782c806763b28c9ab4665ff837e1">
                <var name="m">0.92</var>
                <answer>35.5</answer>
              </var_set>
              <var_set ident="431574ddab2b207443b06b12a0ba30fa">
                <var name="m">1.84</var>
                <answer>15.2</answer>
              </var_set>
              <var_set ident="edac04ae5f77f8c79e32a005c334791b">
                <var name="m">1.20</var>
                <answer>27.5</answer>
              </var_set>
              <var_set ident="0dd6a36aad673967e79312157b0f28e0">
                <var name="m">1.82</var>
                <answer>15.5</answer>
              </var_set>
              <var_set ident="e5f9b4bbe7b118b38605d5334824db45">
                <var name="m">0.88</var>
                <answer>36.9</answer>
              </var_set>
              <var_set ident="0f56053b666d3e180e93d8b03b074cad">
                <var name="m">0.24</var>
                <answer>66.5</answer>
              </var_set>
              <var_set ident="be6dc3893098e7ab1a29e7d41dc4df17">
                <var name="m">0.12</var>
                <answer>74.2</answer>
              </var_set>
              <var_set ident="5e471a48cd49b8330154ca3731abc0c7">
                <var name="m">0.25</var>
                <answer>65.8</answer>
              </var_set>
              <var_set ident="b306e04f8d6dd0b9a6886feef3098b47">
                <var name="m">0.53</var>
                <answer>50.9</answer>
              </var_set>
              <var_set ident="d47308a5b3471d5130d61d9e169853f7">
                <var name="m">0.49</var>
                <answer>52.8</answer>
              </var_set>
              <var_set ident="dee9c491eea400e88469c3923ff20a1d">
                <var name="m">1.52</var>
                <answer>20.5</answer>
              </var_set>
              <var_set ident="f5cef5579a332ee94cdc4f52df159a66">
                <var name="m">1.77</var>
                <answer>16.3</answer>
              </var_set>
              <var_set ident="2b668f443fdd0b51f1da6514d74c0314">
                <var name="m">1.33</var>
                <answer>24.4</answer>
              </var_set>
              <var_set ident="3791f9f5362dd193cbe6042ff0a32e0e">
                <var name="m">1.76</var>
                <answer>16.4</answer>
              </var_set>
              <var_set ident="9b79694eea9375ef6cbe182617e1b9cc">
                <var name="m">0.43</var>
                <answer>55.8</answer>
              </var_set>
              <var_set ident="777f72ca415f1eb5f66941f7d2986ff3">
                <var name="m">1.50</var>
                <answer>20.8</answer>
              </var_set>
              <var_set ident="18052b11772bc3fd15f1867da39ac271">
                <var name="m">0.36</var>
                <answer>59.5</answer>
              </var_set>
              <var_set ident="20eb266077790479bf1a1bc481c934d2">
                <var name="m">0.86</var>
                <answer>37.6</answer>
              </var_set>
              <var_set ident="3b13dec318f633964fcb3737291d6cdf">
                <var name="m">0.21</var>
                <answer>68.3</answer>
              </var_set>
              <var_set ident="c5dc9656b6949c4674f6e0afa8b77e7f">
                <var name="m">1.64</var>
                <answer>18.3</answer>
              </var_set>
              <var_set ident="f557ae9812584fdc4fab0326561199d2">
                <var name="m">0.17</var>
                <answer>70.9</answer>
              </var_set>
              <var_set ident="f3944ac9f1f1709c5706c98704dc1fe3">
                <var name="m">1.97</var>
                <answer>13.5</answer>
              </var_set>
              <var_set ident="818ab5db9bda8e6329de2d910b40f278">
                <var name="m">1.58</var>
                <answer>19.4</answer>
              </var_set>
              <var_set ident="b8d7290c86daac0a4ec5ea495d35e2d2">
                <var name="m">0.85</var>
                <answer>37.9</answer>
              </var_set>
              <var_set ident="dc02ce7ccfd0d969f3ba74a75506f9d6">
                <var name="m">0.48</var>
                <answer>53.3</answer>
              </var_set>
              <var_set ident="4acc25837108431f34d1fe8442a962a4">
                <var name="m">0.71</var>
                <answer>43.1</answer>
              </var_set>
              <var_set ident="97ea970324fa0172c2fcce0b5f318a13">
                <var name="m">1.98</var>
                <answer>13.4</answer>
              </var_set>
              <var_set ident="1c49892b00d46e6c13e6cf781ba26514">
                <var name="m">1.66</var>
                <answer>18.0</answer>
              </var_set>
              <var_set ident="827d73391456093de964d6063074230c">
                <var name="m">0.87</var>
                <answer>37.2</answer>
              </var_set>
              <var_set ident="72abf05961379ac041c0ed89d602f184">
                <var name="m">1.29</var>
                <answer>25.3</answer>
              </var_set>
              <var_set ident="2c59eba85ed927bd8be3d2272c14fcfd">
                <var name="m">1.04</var>
                <answer>31.8</answer>
              </var_set>
              <var_set ident="c4f647c580f28599c0184f084170084f">
                <var name="m">1.61</var>
                <answer>18.8</answer>
              </var_set>
              <var_set ident="d860bef4b1aea1c24c83fde33285a7ca">
                <var name="m">1.81</var>
                <answer>15.7</answer>
              </var_set>
              <var_set ident="deee8d5edf546c012e82e360a60fbd72">
                <var name="m">1.65</var>
                <answer>18.2</answer>
              </var_set>
              <var_set ident="741559582332f01a16498d016d70ab53">
                <var name="m">0.37</var>
                <answer>59.0</answer>
              </var_set>
              <var_set ident="23136b2c597a6d08351d14045bb20274">
                <var name="m">1.42</var>
                <answer>22.4</answer>
              </var_set>
              <var_set ident="d56e4b0414a4720924541dff6498c07f">
                <var name="m">1.36</var>
                <answer>23.7</answer>
              </var_set>
              <var_set ident="e02fdab40c853d042eadba47faa20e20">
                <var name="m">1.17</var>
                <answer>28.2</answer>
              </var_set>
              <var_set ident="70bd4232531abae0c519acd7001b049b">
                <var name="m">0.30</var>
                <answer>62.9</answer>
              </var_set>
              <var_set ident="b977d9be98029007481e30c4fb1a704f">
                <var name="m">0.39</var>
                <answer>57.9</answer>
              </var_set>
              <var_set ident="1594076569988dee72356459b3f4f355">
                <var name="m">0.69</var>
                <answer>43.9</answer>
              </var_set>
              <var_set ident="52b552f2224a1b3cc8590502ca2bb97b">
                <var name="m">0.79</var>
                <answer>40.1</answer>
              </var_set>
              <var_set ident="e7c3e91e9aad040987ee1bd30a6c0128">
                <var name="m">0.14</var>
                <answer>72.9</answer>
              </var_set>
              <var_set ident="6b8c8a32f5708d010bd6c86492b4fe28">
                <var name="m">0.15</var>
                <answer>72.2</answer>
              </var_set>
              <var_set ident="3dabdb6f5cfbebb4985bf48428f9f26e">
                <var name="m">0.64</var>
                <answer>46.0</answer>
              </var_set>
              <var_set ident="74a84a12cbb61c3b226c88a51118fcba">
                <var name="m">0.38</var>
                <answer>58.4</answer>
              </var_set>
              <var_set ident="75dded4cc34b71d43f929a47710ff0c8">
                <var name="m">0.46</var>
                <answer>54.3</answer>
              </var_set>
              <var_set ident="a0707031902c1840ad1411e6aaedcded">
                <var name="m">0.16</var>
                <answer>71.5</answer>
              </var_set>
              <var_set ident="b6bb5b4662b1d9efef9467ae86befd40">
                <var name="m">0.59</var>
                <answer>48.2</answer>
              </var_set>
              <var_set ident="521878ba1f06b08282696c62ce643442">
                <var name="m">2.00</var>
                <answer>13.2</answer>
              </var_set>
              <var_set ident="6c4bc6e02aafaa5fb6ef79cc4f9a5066">
                <var name="m">1.39</var>
                <answer>23.1</answer>
              </var_set>
              <var_set ident="85c3a9cd452404fcf3ed5da51b0e888b">
                <var name="m">1.03</var>
                <answer>32.1</answer>
              </var_set>
              <var_set ident="dfa9e132b33ea3dcbe45a5ebdde005e6">
                <var name="m">1.85</var>
                <answer>15.1</answer>
              </var_set>
              <var_set ident="7f3cb921f7231490ae9057c07afcc09e">
                <var name="m">1.62</var>
                <answer>18.7</answer>
              </var_set>
              <var_set ident="80e625c1500eb7eed1bac7f6deb97046">
                <var name="m">0.29</var>
                <answer>63.5</answer>
              </var_set>
              <var_set ident="f9d5fa23138f258cc82a1936b2ba1161">
                <var name="m">0.33</var>
                <answer>61.2</answer>
              </var_set>
              <var_set ident="8b304ce237d0650c225fb570ff18d178">
                <var name="m">1.59</var>
                <answer>19.2</answer>
              </var_set>
              <var_set ident="30ae08fe7a7f0b724fbd43a9fd070a06">
                <var name="m">0.72</var>
                <answer>42.7</answer>
              </var_set>
              <var_set ident="85de5c9fde2e079f3aec1e08415746fd">
                <var name="m">1.01</var>
                <answer>32.7</answer>
              </var_set>
              <var_set ident="541b4dfb6752d2f9062c9b6ee9fb8007">
                <var name="m">0.18</var>
                <answer>70.2</answer>
              </var_set>
              <var_set ident="1b3a5764cf2ca0554c7435157adb31e8">
                <var name="m">1.92</var>
                <answer>14.2</answer>
              </var_set>
              <var_set ident="39b008ccbbf694fbaa33b93ced24584d">
                <var name="m">0.63</var>
                <answer>46.4</answer>
              </var_set>
              <var_set ident="655d0adb7c819c271dee001864e0b57d">
                <var name="m">0.89</var>
                <answer>36.5</answer>
              </var_set>
              <var_set ident="be77aff5e51c682f46da86ffd4d4ed0e">
                <var name="m">1.24</var>
                <answer>26.5</answer>
              </var_set>
              <var_set ident="2be38b1f6141e47890d2266675de7526">
                <var name="m">1.13</var>
                <answer>29.3</answer>
              </var_set>
              <var_set ident="1ab25fc801e7c5aea24f85d77a186b2a">
                <var name="m">0.73</var>
                <answer>42.3</answer>
              </var_set>
              <var_set ident="fe969ced5dea23dcb610459e878c599d">
                <var name="m">0.90</var>
                <answer>36.2</answer>
              </var_set>
              <var_set ident="735173ea78ce9cc960175649861e291e">
                <var name="m">0.96</var>
                <answer>34.3</answer>
              </var_set>
              <var_set ident="17359a05d1d32e19f04ce775015c935f">
                <var name="m">1.53</var>
                <answer>20.3</answer>
              </var_set>
              <var_set ident="2acceb688b2348b75a593c49ff37c5fc">
                <var name="m">1.34</var>
                <answer>24.1</answer>
              </var_set>
              <var_set ident="85f3ca131a3e3bb7778cc915658b3c5e">
                <var name="m">1.32</var>
                <answer>24.6</answer>
              </var_set>
              <var_set ident="34f7aa47e6f0cc0daec5586c7215c704">
                <var name="m">0.51</var>
                <answer>51.8</answer>
              </var_set>
              <var_set ident="091f63cb938887233de4ee3e39a4e666">
                <var name="m">1.37</var>
                <answer>23.5</answer>
              </var_set>
              <var_set ident="d16f8a88f67a54a177681037d887e6e4">
                <var name="m">1.87</var>
                <answer>14.8</answer>
              </var_set>
              <var_set ident="9f9160d67321a77512ca6548d753a6a7">
                <var name="m">1.06</var>
                <answer>31.2</answer>
              </var_set>
              <var_set ident="ab977ab53df2f5cef334d49e84ee5721">
                <var name="m">0.41</var>
                <answer>56.8</answer>
              </var_set>
              <var_set ident="3ce2331d78e7252a245659a98ca39c1f">
                <var name="m">0.45</var>
                <answer>54.8</answer>
              </var_set>
              <var_set ident="d7da6fd84367e7436700604a6640ca1f">
                <var name="m">0.60</var>
                <answer>47.7</answer>
              </var_set>
              <var_set ident="8a254b7cd3d2138e82f758af6fa76190">
                <var name="m">0.95</var>
                <answer>34.6</answer>
              </var_set>
              <var_set ident="1493f0e8785c9a7d0ff74b1b4456b5f7">
                <var name="m">1.02</var>
                <answer>32.4</answer>
              </var_set>
              <var_set ident="c0505f2b509454b87f0cbcf80e6ac943">
                <var name="m">0.76</var>
                <answer>41.2</answer>
              </var_set>
              <var_set ident="28b46f425570fa4a29ddbf289e8ae8d5">
                <var name="m">0.91</var>
                <answer>35.9</answer>
              </var_set>
              <var_set ident="04c537abaf05fc6be2886592930d6dd6">
                <var name="m">1.75</var>
                <answer>16.6</answer>
              </var_set>
              <var_set ident="324d6b8d6a87d9a1f45263e30749ffe3">
                <var name="m">1.10</var>
                <answer>30.1</answer>
              </var_set>
              <var_set ident="14217d414f7dcb930d5d865cf33c1bb6">
                <var name="m">0.62</var>
                <answer>46.8</answer>
              </var_set>
              <var_set ident="0b3b69ee406a09a117dfe43141aba7dd">
                <var name="m">1.57</var>
                <answer>19.5</answer>
              </var_set>
              <var_set ident="f75ca9558596b2108685c9340ed145d6">
                <var name="m">0.78</var>
                <answer>40.4</answer>
              </var_set>
              <var_set ident="25089c6897ae1653610de95e6950d5b6">
                <var name="m">0.58</var>
                <answer>48.6</answer>
              </var_set>
              <var_set ident="c261fb6a649b290663c98a6255d445ae">
                <var name="m">0.57</var>
                <answer>49.0</answer>
              </var_set>
              <var_set ident="6003992114b964407ec71d4d3ffa2eda">
                <var name="m">0.61</var>
                <answer>47.3</answer>
              </var_set>
              <var_set ident="f51096fecc513803e7a2377df9235f3f">
                <var name="m">0.67</var>
                <answer>44.7</answer>
              </var_set>
              <var_set ident="315f3ddd1546e414d92bba8a888b8db4">
                <var name="m">0.35</var>
                <answer>60.1</answer>
              </var_set>
              <var_set ident="bec64700a117eee2bf7bf9decb5cae00">
                <var name="m">1.80</var>
                <answer>15.8</answer>
              </var_set>
              <var_set ident="a5dd9c91e21c832bcbc350cccd73964d">
                <var name="m">1.74</var>
                <answer>16.7</answer>
              </var_set>
              <var_set ident="55ef4e59fb35212129dcc49a1cb23de2">
                <var name="m">1.26</var>
                <answer>26.0</answer>
              </var_set>
              <var_set ident="3b130e7316d34440e3808b038a9c718c">
                <var name="m">0.34</var>
                <answer>60.6</answer>
              </var_set>
              <var_set ident="b02703b634dada23672fb9a40eb906a8">
                <var name="m">1.47</var>
                <answer>21.4</answer>
              </var_set>
              <var_set ident="527099bacba622d2bb8c5f03fa7b445b">
                <var name="m">1.78</var>
                <answer>16.1</answer>
              </var_set>
              <var_set ident="8b0bc9f8de454ff99a4538bfca001b77">
                <var name="m">1.43</var>
                <answer>22.2</answer>
              </var_set>
              <var_set ident="4d372391e75d66ed0f1517b5cc1c3796">
                <var name="m">0.81</var>
                <answer>39.3</answer>
              </var_set>
              <var_set ident="459dba00eb96d560792f2116a44c458f">
                <var name="m">0.93</var>
                <answer>35.2</answer>
              </var_set>
              <var_set ident="231edf04e1f1b7ba30f93cad036237e9">
                <var name="m">0.28</var>
                <answer>64.1</answer>
              </var_set>
              <var_set ident="8bd8b3623f5ce83a5838a3b3f837fc46">
                <var name="m">1.99</var>
                <answer>13.3</answer>
              </var_set>
              <var_set ident="ea39105f86512c871dccb7b34a5796c7">
                <var name="m">0.97</var>
                <answer>33.9</answer>
              </var_set>
              <var_set ident="3dd1727d4814b6c1fe5abb2d1c0098d5">
                <var name="m">1.23</var>
                <answer>26.7</answer>
              </var_set>
              <var_set ident="2aad611d4759bdea25db2759d9423193">
                <var name="m">1.35</var>
                <answer>23.9</answer>
              </var_set>
              <var_set ident="e3e462fa7c88fd4f12dcac8d66d2225c">
                <var name="m">1.71</var>
                <answer>17.2</answer>
              </var_set>
              <var_set ident="48342d28000d7f3e4366ee21dd350439">
                <var name="m">1.27</var>
                <answer>25.8</answer>
              </var_set>
              <var_set ident="55f0b8e52f749e780afc1025ab679d1a">
                <var name="m">0.47</var>
                <answer>53.8</answer>
              </var_set>
              <var_set ident="7a969f6e1fedcc3d7758560d5a126498">
                <var name="m">0.23</var>
                <answer>67.1</answer>
              </var_set>
              <var_set ident="8bdbb0c1b67239410a3db46ee614b069">
                <var name="m">1.31</var>
                <answer>24.8</answer>
              </var_set>
              <var_set ident="772cd6492ad1437f8474cbf892c7fe7b">
                <var name="m">1.21</var>
                <answer>27.2</answer>
              </var_set>
              <var_set ident="e7c07ec9a994b4c79396d793035a8494">
                <var name="m">1.90</var>
                <answer>14.4</answer>
              </var_set>
              <var_set ident="4ba3ca42d8f42bdfb2042b24c172870b">
                <var name="m">1.72</var>
                <answer>17.0</answer>
              </var_set>
              <var_set ident="1d78503b6eaf93551833efa4c5507ce2">
                <var name="m">1.45</var>
                <answer>21.8</answer>
              </var_set>
              <var_set ident="e6f8935fc88ac9badbc3cbd75f8c065e">
                <var name="m">1.28</var>
                <answer>25.5</answer>
              </var_set>
              <var_set ident="c156ea8267189f7cf508dc8a2e8bf3e2">
                <var name="m">1.49</var>
                <answer>21.0</answer>
              </var_set>
              <var_set ident="600feaab94dc0fa3dd34ee76a641dce1">
                <var name="m">0.20</var>
                <answer>68.9</answer>
              </var_set>
              <var_set ident="74a7bff312b4f10fcf645aa1a880d5e3">
                <var name="m">0.26</var>
                <answer>65.2</answer>
              </var_set>
              <var_set ident="406213834dc71ca8879a0cfa92fc6077">
                <var name="m">0.94</var>
                <answer>34.9</answer>
              </var_set>
              <var_set ident="24ed900df0ebc0e2175b20501242d8dd">
                <var name="m">1.67</var>
                <answer>17.8</answer>
              </var_set>
              <var_set ident="8237894a10769622bbb96144d8577f0b">
                <var name="m">0.54</var>
                <answer>50.4</answer>
              </var_set>
              <var_set ident="ce7aeaa0718ffd85a6f6a2de0a97673e">
                <var name="m">1.22</var>
                <answer>27.0</answer>
              </var_set>
              <var_set ident="e93b034c65a208d2ff7b89d5bcf54657">
                <var name="m">0.44</var>
                <answer>55.3</answer>
              </var_set>
              <var_set ident="fd4e5dbfa211ea53f786ddea0e621d2d">
                <var name="m">1.70</var>
                <answer>17.3</answer>
              </var_set>
              <var_set ident="54faeed4dfe348bd5dd48c157846b2a9">
                <var name="m">1.63</var>
                <answer>18.5</answer>
              </var_set>
              <var_set ident="49e99ce931f759d0d760a3fddd14d46a">
                <var name="m">1.54</var>
                <answer>20.1</answer>
              </var_set>
              <var_set ident="1c0c9676b9ec1748b87edc39b27ba5e1">
                <var name="m">1.68</var>
                <answer>17.7</answer>
              </var_set>
              <var_set ident="2a9833aa3ab29a1fa4c093ea85a3b244">
                <var name="m">0.65</var>
                <answer>45.6</answer>
              </var_set>
              <var_set ident="f03e142ec72c4497c2901d5bfa573822">
                <var name="m">1.15</var>
                <answer>28.8</answer>
              </var_set>
              <var_set ident="67fef4f53af66c70af1bea7e95c213a0">
                <var name="m">1.08</var>
                <answer>30.7</answer>
              </var_set>
              <var_set ident="f335613bf974d98642c2d57dae45de96">
                <var name="m">0.98</var>
                <answer>33.6</answer>
              </var_set>
              <var_set ident="2ca989525249d3f1a0ecb39657efd6e9">
                <var name="m">1.69</var>
                <answer>17.5</answer>
              </var_set>
              <var_set ident="7a70ed412043077d4273921a0e4bd781">
                <var name="m">0.11</var>
                <answer>74.9</answer>
              </var_set>
              <var_set ident="06e93257d18f43e11997bcd95e6cc87d">
                <var name="m">0.74</var>
                <answer>41.9</answer>
              </var_set>
              <var_set ident="d3e616f983a867bf345a947a864bd01e">
                <var name="m">1.09</var>
                <answer>30.4</answer>
              </var_set>
              <var_set ident="0c78cdd8259470f2d238d42a25e3f648">
                <var name="m">1.07</var>
                <answer>31.0</answer>
              </var_set>
              <var_set ident="1053488e7c443c8e48a10266213c75a3">
                <var name="m">0.27</var>
                <answer>64.6</answer>
              </var_set>
              <var_set ident="645db0b053103eeee087074a81bc9a31">
                <var name="m">0.31</var>
                <answer>62.3</answer>
              </var_set>
              <var_set ident="1a83e466ee631818d25ccf0c923ef9df">
                <var name="m">0.82</var>
                <answer>39.0</answer>
              </var_set>
              <var_set ident="fe311a13a97901d14a207631c6025804">
                <var name="m">0.66</var>
                <answer>45.1</answer>
              </var_set>
              <var_set ident="0991798831ddc734f582be9b981dbe32">
                <var name="m">1.18</var>
                <answer>28.0</answer>
              </var_set>
              <var_set ident="9902e6764e448802b5be75d12bf7b549">
                <var name="m">0.10</var>
                <answer>75.6</answer>
              </var_set>
              <var_set ident="b7431d083b5b0809e184ff49a0053d60">
                <var name="m">1.19</var>
                <answer>27.7</answer>
              </var_set>
              <var_set ident="8e96002893d205381be5120da1200fcc">
                <var name="m">0.80</var>
                <answer>39.7</answer>
              </var_set>
              <var_set ident="35c34f92364367080c39dbb1d463fb1a">
                <var name="m">1.38</var>
                <answer>23.3</answer>
              </var_set>
              <var_set ident="1331c07cbd1ccf377e0b611b02d2a6f5">
                <var name="m">1.79</var>
                <answer>16.0</answer>
              </var_set>
              <var_set ident="dcd42f40a16516b747522150ad40ecc3">
                <var name="m">1.60</var>
                <answer>19.0</answer>
              </var_set>
              <var_set ident="39c31ac8a3b8aa1f321a2f452666d3be">
                <var name="m">0.55</var>
                <answer>50.0</answer>
              </var_set>
              <var_set ident="ba1e56b040a2764be109078b73fbee5d">
                <var name="m">1.94</var>
                <answer>13.9</answer>
              </var_set>
              <var_set ident="80a8aed4936ede594ff26f7df9316559">
                <var name="m">1.44</var>
                <answer>22.0</answer>
              </var_set>
              <var_set ident="2fe73c43ceebb0d54fba8c6635f31668">
                <var name="m">0.75</var>
                <answer>41.6</answer>
              </var_set>
              <var_set ident="e65ff3a0418d755f50a7a170bcffe5c2">
                <var name="m">1.14</var>
                <answer>29.0</answer>
              </var_set>
              <var_set ident="f3efa27e9769aaae1e79cfe0c434f045">
                <var name="m">0.77</var>
                <answer>40.8</answer>
              </var_set>
              <var_set ident="db22ac06f175bac2149711ee98fa4dfc">
                <var name="m">1.91</var>
                <answer>14.3</answer>
              </var_set>
              <var_set ident="36ae707de0a4ffb384cbaab31467e603">
                <var name="m">1.86</var>
                <answer>15.0</answer>
              </var_set>
              <var_set ident="35bc122886466238e30cd4f64cf110e5">
                <var name="m">1.55</var>
                <answer>19.9</answer>
              </var_set>
              <var_set ident="c7208db583053546ba70761a600f5f93">
                <var name="m">1.11</var>
                <answer>29.8</answer>
              </var_set>
              <var_set ident="05f158bbfb196673ef9fdfc22df3a665">
                <var name="m">0.84</var>
                <answer>38.3</answer>
              </var_set>
              <var_set ident="096ac0b9cbc3119541dee5f5aafc339f">
                <var name="m">0.50</var>
                <answer>52.3</answer>
              </var_set>
              <var_set ident="4fc60c91f0932c4b548fbe3a1bf1f721">
                <var name="m">0.68</var>
                <answer>44.3</answer>
              </var_set>
              <var_set ident="91b6bc8fa63efe8e192a111677cf015a">
                <var name="m">0.56</var>
                <answer>49.5</answer>
              </var_set>
              <var_set ident="3fa04ef244c1acbf86ad496fc68ae5ff">
                <var name="m">0.22</var>
                <answer>67.7</answer>
              </var_set>
              <var_set ident="c3318864ba0ed51b5af576df03604f06">
                <var name="m">1.83</var>
                <answer>15.4</answer>
              </var_set>
              <var_set ident="7884a7e4b7d2c390435e9b9d70867958">
                <var name="m">0.83</var>
                <answer>38.6</answer>
              </var_set>
              <var_set ident="199c86722ce63d4fd66764cfe2a69168">
                <var name="m">1.48</var>
                <answer>21.2</answer>
              </var_set>
              <var_set ident="362a89df005ef81e4b9ecd85190b953c">
                <var name="m">1.46</var>
                <answer>21.6</answer>
              </var_set>
              <var_set ident="13cb53dec48170e5ec0deee0ee5502a3">
                <var name="m">1.73</var>
                <answer>16.9</answer>
              </var_set>
              <var_set ident="f2440d9d3d24257e786718a61d394bd0">
                <var name="m">0.13</var>
                <answer>73.5</answer>
              </var_set>
              <var_set ident="5da1a95e5596f4f529a0572d3f7f84e0">
                <var name="m">1.25</var>
                <answer>26.2</answer>
              </var_set>
              <var_set ident="065a49e448d58e9ab6eeb6961556d057">
                <var name="m">1.96</var>
                <answer>13.6</answer>
              </var_set>
              <var_set ident="10cef84ef4b98070b4a04bf5b1ee8219">
                <var name="m">1.89</var>
                <answer>14.6</answer>
              </var_set>
              <var_set ident="45ba7c242adc808ae3cd346cdc928c30">
                <var name="m">1.41</var>
                <answer>22.6</answer>
              </var_set>
              <var_set ident="c936d484700b96a24f16391c1082f1a7">
                <var name="m">1.56</var>
                <answer>19.7</answer>
              </var_set>
              <var_set ident="246f8d7d2db13bbbe3810f2dbcd522aa">
                <var name="m">0.40</var>
                <answer>57.4</answer>
              </var_set>
              <var_set ident="f56b7349a75c2a5e495e14552cdb5c56">
                <var name="m">0.52</var>
                <answer>51.4</answer>
              </var_set>
              <var_set ident="c6f90a4f262d46a4df67c1c0199eca07">
                <var name="m">0.32</var>
                <answer>61.7</answer>
              </var_set>
              <var_set ident="3fafefe91bc41dc7d8cf7393823c5d7b">
                <var name="m">1.40</var>
                <answer>22.9</answer>
              </var_set>
              <var_set ident="7fa0cc9ecdb27baf97c00ea7fdce766a">
                <var name="m">0.42</var>
                <answer>56.3</answer>
              </var_set>
              <var_set ident="2d9f5ad481344ec1eb2b0ac2e45fa595">
                <var name="m">1.51</var>
                <answer>20.7</answer>
              </var_set>
              <var_set ident="25bdc4a8a7dd71029814f7fc554bfce7">
                <var name="m">1.12</var>
                <answer>29.6</answer>
              </var_set>
              <var_set ident="7346636aded58bccf5575e852470bcf4">
                <var name="m">0.19</var>
                <answer>69.6</answer>
              </var_set>
              <var_set ident="a548638b29447160635439a597eb503d">
                <var name="m">1.16</var>
                <answer>28.5</answer>
              </var_set>
              <var_set ident="fd31da9dcf0788e2700acf5e48031b59">
                <var name="m">1.95</var>
                <answer>13.8</answer>
              </var_set>
            </var_sets>
          </calculated>
        </itemproc_extension>
      </item>
      <section ident="gb87e157a5c16efa87e54406fab09d876" title="H-R Diagram Analysis">
        <selection_ordering>
          <selection>
            <sourcebank_ref>g3686e00d06c267b45ae8d5391f249537</sourcebank_ref>
            <selection_number>1</selection_number>
            <selection_extension>
              <points_per_item>1.0</points_per_item>
            </selection_extension>
          </selection>
        </selection_ordering>
      </section>
      <item ident="72b298c911080b49ec1ab14539b13977" title="">
        <itemmetadata>
          <qtimetadata>
            <qtimetadatafield>
              <fieldlabel>question_type</fieldlabel>
              <fieldentry>multiple_choice_question</fieldentry>
            </qtimetadatafield>
            <qtimetadatafield>
              <fieldlabel>points_possible</fieldlabel>
              <fieldentry>1.0</fieldentry>
            </qtimetadatafield>
            <qtimetadatafield>
              <fieldlabel>original_answer_ids</fieldlabel>
              <fieldentry>090744ba-0bee-4e12-a27e-a568cc1d5806,5ea70acc-4170-4319-aa03-16823e5b1555,b6006017-0533-4bc8-a95f-447a2453c428,8ed13d1b-0938-4a9a-88c2-62ffc482c00e,da36a93f-e477-4fc3-aa66-2271fe3af12a</fieldentry>
            </qtimetadatafield>
            <qtimetadatafield>
              <fieldlabel>assessment_question_identifierref</fieldlabel>
              <fieldentry>626a2022ae79d67a95daf61ad58ea91a</fieldentry>
            </qtimetadatafield>
            <qtimetadatafield>
              <fieldlabel>calculator_type</fieldlabel>
              <fieldentry>none</fieldentry>
            </qtimetadatafield>
          </qtimetadata>
        </itemmetadata>
        <presentation>
          <material>
            <mattext texttype="text/html">&lt;p&gt;Examine this image from NASA, and identify what type of structure is imaged&lt;/p&gt;
&lt;p&gt;&lt;img src="$IMS-CC-FILEBASE$/Uploaded Media/hubble_ngc1079_potw2211a-jpg.webp" alt="A galactic structure that is in the shape of a circular swirl with a very bright center, and bright dots in its arms." width="560" height="298" data-old-link="/courses/2647/files/9383369/preview?verifier=v9ahl0MzYANYvslTSPoBFADLzvqGNsDbwu9iazT0"&gt;&lt;/p&gt;</mattext>
          </material>
          <response_lid ident="response1" rcardinality="Single">
            <render_choice shuffle="Yes">
              <response_label ident="090744ba-0bee-4e12-a27e-a568cc1d5806">
                <material>
                  <mattext texttype="text/html">&lt;p&gt;The Milky Way&lt;/p&gt;</mattext>
                </material>
              </response_label>
              <response_label ident="5ea70acc-4170-4319-aa03-16823e5b1555">
                <material>
                  <mattext texttype="text/html">&lt;p&gt;A galaxy other than the Milky Way&lt;/p&gt;</mattext>
                </material>
              </response_label>
              <response_label ident="b6006017-0533-4bc8-a95f-447a2453c428">
                <material>
                  <mattext texttype="text/html">&lt;p&gt;A nebula&lt;/p&gt;</mattext>
                </material>
              </response_label>
              <response_label ident="8ed13d1b-0938-4a9a-88c2-62ffc482c00e">
                <material>
                  <mattext texttype="text/html">&lt;p&gt;A neutron star&lt;/p&gt;</mattext>
                </material>
              </response_label>
              <response_label ident="da36a93f-e477-4fc3-aa66-2271fe3af12a">
                <material>
                  <mattext texttype="text/html">&lt;p&gt;A white dwarf star&lt;/p&gt;</mattext>
                </material>
              </response_label>
            </render_choice>
          </response_lid>
        </presentation>
        <resprocessing>
          <outcomes>
            <decvar maxvalue="100" minvalue="0" varname="SCORE" vartype="Decimal"/>
          </outcomes>
          <respcondition continue="No">
            <conditionvar>
              <varequal respident="response1">5ea70acc-4170-4319-aa03-16823e5b1555</varequal>
            </conditionvar>
            <setvar action="Set" varname="SCORE">100</setvar>
          </respcondition>
        </resprocessing>
      </item>
    </section>
  </assessment>
</questestinterop>
