<?xml version="1.0"?>
<manifest xmlns="http://www.imsglobal.org/xsd/imsccv1p1/imscp_v1p1" xmlns:lom="http://ltsc.ieee.org/xsd/imsccv1p1/LOM/resource" xmlns:imsmd="http://www.imsglobal.org/xsd/imsmd_v1p2" xmlns:xsi="http://www.w3.org/2001/XMLSchema-instance" identifier="ebadb042f4d402481230203045e6fa8c" xsi:schemaLocation="http://www.imsglobal.org/xsd/imsccv1p1/imscp_v1p1 http://www.imsglobal.org/xsd/imscp_v1p1.xsd http://ltsc.ieee.org/xsd/imsccv1p1/LOM/resource http://www.imsglobal.org/profile/cc/ccv1p1/LOM/ccv1p1_lomresource_v1p0.xsd http://www.imsglobal.org/xsd/imsmd_v1p2 http://www.imsglobal.org/xsd/imsmd_v1p2p2.xsd">
  <metadata>
    <schema>IMS Content</schema>
    <schemaversion>1.1.3</schemaversion>
    <imsmd:lom>
      <imsmd:general>
        <imsmd:title>
          <imsmd:string>QTI Quiz Export for </imsmd:string>
        </imsmd:title>
      </imsmd:general>
      <imsmd:lifeCycle>
        <imsmd:contribute>
          <imsmd:date>
            <imsmd:dateTime>2026-01-12</imsmd:dateTime>
          </imsmd:date>
        </imsmd:contribute>
      </imsmd:lifeCycle>
      <imsmd:rights>
        <imsmd:copyrightAndOtherRestrictions>
          <imsmd:value>yes</imsmd:value>
        </imsmd:copyrightAndOtherRestrictions>
        <imsmd:description>
          <imsmd:string>Private (Copyrighted) - http://en.wikipedia.org/wiki/Copyright</imsmd:string>
        </imsmd:description>
      </imsmd:rights>
    </imsmd:lom>
  </metadata>
  <organizations/>
  <resources>
    <resource identifier="gdee40f1523a65e07146120a67eda9fde" type="imsqti_xmlv1p2">
      <file href="gdee40f1523a65e07146120a67eda9fde/gdee40f1523a65e07146120a67eda9fde.xml"/>
      <dependency identifierref="af8924e9916ed33e82d8126a6d3bdc45"/>
    </resource>
    <resource identifier="af8924e9916ed33e82d8126a6d3bdc45" type="associatedcontent/imscc_xmlv1p1/learning-application-resource" href="gdee40f1523a65e07146120a67eda9fde/assessment_meta.xml">
      <file href="gdee40f1523a65e07146120a67eda9fde/assessment_meta.xml"/>
    </resource>
    <resource identifier="0d33f87161a84654f98f8aa168210f27" type="webcontent" href="Uploaded Media/dual_machines.png">
      <file href="Uploaded Media/dual_machines.png"/>
    </resource>
    <resource identifier="g6c15f4dd5066b71c241e636f3e86bbf7" type="associatedcontent/imscc_xmlv1p1/learning-application-resource" href="non_cc_assessments/g6c15f4dd5066b71c241e636f3e86bbf7.xml.qti">
      <file href="non_cc_assessments/g6c15f4dd5066b71c241e636f3e86bbf7.xml.qti"/>
    </resource>
    <resource identifier="g9864c228b83f98953e25e5ff13b65a11" type="associatedcontent/imscc_xmlv1p1/learning-application-resource" href="non_cc_assessments/g9864c228b83f98953e25e5ff13b65a11.xml.qti">
      <file href="non_cc_assessments/g9864c228b83f98953e25e5ff13b65a11.xml.qti"/>
    </resource>
    <resource identifier="g9c43fca393b1c920a5d61769814c43aa" type="associatedcontent/imscc_xmlv1p1/learning-application-resource" href="non_cc_assessments/g9c43fca393b1c920a5d61769814c43aa.xml.qti">
      <file href="non_cc_assessments/g9c43fca393b1c920a5d61769814c43aa.xml.qti"/>
    </resource>
    <resource identifier="gcb1af52cb11895ab55f84b9d8405c00d" type="associatedcontent/imscc_xmlv1p1/learning-application-resource" href="non_cc_assessments/gcb1af52cb11895ab55f84b9d8405c00d.xml.qti">
      <file href="non_cc_assessments/gcb1af52cb11895ab55f84b9d8405c00d.xml.qti"/>
    </resource>
    <resource identifier="g6264ed99a5b4305b3c56298342b6c1e8" type="associatedcontent/imscc_xmlv1p1/learning-application-resource" href="non_cc_assessments/g6264ed99a5b4305b3c56298342b6c1e8.xml.qti">
      <file href="non_cc_assessments/g6264ed99a5b4305b3c56298342b6c1e8.xml.qti"/>
    </resource>
    <resource identifier="gdf848156e2db0f562227115602d21234" type="associatedcontent/imscc_xmlv1p1/learning-application-resource" href="non_cc_assessments/gdf848156e2db0f562227115602d21234.xml.qti">
      <file href="non_cc_assessments/gdf848156e2db0f562227115602d21234.xml.qti"/>
    </resource>
  </resources>
</manifest>
