<?xml version="1.0"?>
<manifest xmlns="http://www.imsglobal.org/xsd/imsccv1p1/imscp_v1p1" xmlns:lom="http://ltsc.ieee.org/xsd/imsccv1p1/LOM/resource" xmlns:imsmd="http://www.imsglobal.org/xsd/imsmd_v1p2" xmlns:xsi="http://www.w3.org/2001/XMLSchema-instance" identifier="331cced6058e91431ea99ed26956e65f" xsi:schemaLocation="http://www.imsglobal.org/xsd/imsccv1p1/imscp_v1p1 http://www.imsglobal.org/xsd/imscp_v1p1.xsd http://ltsc.ieee.org/xsd/imsccv1p1/LOM/resource http://www.imsglobal.org/profile/cc/ccv1p1/LOM/ccv1p1_lomresource_v1p0.xsd http://www.imsglobal.org/xsd/imsmd_v1p2 http://www.imsglobal.org/xsd/imsmd_v1p2p2.xsd">
  <metadata>
    <schema>IMS Content</schema>
    <schemaversion>1.1.3</schemaversion>
    <imsmd:lom>
      <imsmd:general>
        <imsmd:title>
          <imsmd:string>QTI Quiz Export for </imsmd:string>
        </imsmd:title>
      </imsmd:general>
      <imsmd:lifeCycle>
        <imsmd:contribute>
          <imsmd:date>
            <imsmd:dateTime>2026-01-12</imsmd:dateTime>
          </imsmd:date>
        </imsmd:contribute>
      </imsmd:lifeCycle>
      <imsmd:rights>
        <imsmd:copyrightAndOtherRestrictions>
          <imsmd:value>yes</imsmd:value>
        </imsmd:copyrightAndOtherRestrictions>
        <imsmd:description>
          <imsmd:string>Private (Copyrighted) - http://en.wikipedia.org/wiki/Copyright</imsmd:string>
        </imsmd:description>
      </imsmd:rights>
    </imsmd:lom>
  </metadata>
  <organizations/>
  <resources>
    <resource identifier="g4af166328566a964e78c31bfd32779ea" type="imsqti_xmlv1p2">
      <file href="g4af166328566a964e78c31bfd32779ea/g4af166328566a964e78c31bfd32779ea.xml"/>
      <dependency identifierref="441135616e6a595b6ff3fbb78c622233"/>
    </resource>
    <resource identifier="441135616e6a595b6ff3fbb78c622233" type="associatedcontent/imscc_xmlv1p1/learning-application-resource" href="g4af166328566a964e78c31bfd32779ea/assessment_meta.xml">
      <file href="g4af166328566a964e78c31bfd32779ea/assessment_meta.xml"/>
    </resource>
    <resource identifier="83f5fc4187c8a9197b8bdf2e1cf7757c" type="webcontent" href="Uploaded Media/hubble_ngc1079_potw2211a-jpg.webp">
      <file href="Uploaded Media/hubble_ngc1079_potw2211a-jpg.webp"/>
    </resource>
    <resource identifier="g3686e00d06c267b45ae8d5391f249537" type="associatedcontent/imscc_xmlv1p1/learning-application-resource" href="non_cc_assessments/g3686e00d06c267b45ae8d5391f249537.xml.qti">
      <file href="non_cc_assessments/g3686e00d06c267b45ae8d5391f249537.xml.qti"/>
    </resource>
  </resources>
</manifest>
