<?xml version="1.0"?>
<manifest xmlns="http://www.imsglobal.org/xsd/imsccv1p1/imscp_v1p1" xmlns:lom="http://ltsc.ieee.org/xsd/imsccv1p1/LOM/resource" xmlns:imsmd="http://www.imsglobal.org/xsd/imsmd_v1p2" xmlns:xsi="http://www.w3.org/2001/XMLSchema-instance" identifier="3cf590f5c169a89d1e0c48f47cd98694" xsi:schemaLocation="http://www.imsglobal.org/xsd/imsccv1p1/imscp_v1p1 http://www.imsglobal.org/xsd/imscp_v1p1.xsd http://ltsc.ieee.org/xsd/imsccv1p1/LOM/resource http://www.imsglobal.org/profile/cc/ccv1p1/LOM/ccv1p1_lomresource_v1p0.xsd http://www.imsglobal.org/xsd/imsmd_v1p2 http://www.imsglobal.org/xsd/imsmd_v1p2p2.xsd">
  <metadata>
    <schema>IMS Content</schema>
    <schemaversion>1.1.3</schemaversion>
    <imsmd:lom>
      <imsmd:general>
        <imsmd:title>
          <imsmd:string>QTI Quiz Export for </imsmd:string>
        </imsmd:title>
      </imsmd:general>
      <imsmd:lifeCycle>
        <imsmd:contribute>
          <imsmd:date>
            <imsmd:dateTime>2026-01-12</imsmd:dateTime>
          </imsmd:date>
        </imsmd:contribute>
      </imsmd:lifeCycle>
      <imsmd:rights>
        <imsmd:copyrightAndOtherRestrictions>
          <imsmd:value>yes</imsmd:value>
        </imsmd:copyrightAndOtherRestrictions>
        <imsmd:description>
          <imsmd:string>Private (Copyrighted) - http://en.wikipedia.org/wiki/Copyright</imsmd:string>
        </imsmd:description>
      </imsmd:rights>
    </imsmd:lom>
  </metadata>
  <organizations/>
  <resources>
    <resource identifier="g463b20ff0a4a65a239249e91e892203a" type="imsqti_xmlv1p2">
      <file href="g463b20ff0a4a65a239249e91e892203a/g463b20ff0a4a65a239249e91e892203a.xml"/>
      <dependency identifierref="34266cc59440e1964689a0f229b0241c"/>
    </resource>
    <resource identifier="34266cc59440e1964689a0f229b0241c" type="associatedcontent/imscc_xmlv1p1/learning-application-resource" href="g463b20ff0a4a65a239249e91e892203a/assessment_meta.xml">
      <file href="g463b20ff0a4a65a239249e91e892203a/assessment_meta.xml"/>
    </resource>
    <resource identifier="5ecc033ccc9d59d7852dca791d2b3647" type="webcontent" href="Uploaded Media/M6Q14a.png">
      <file href="Uploaded Media/M6Q14a.png"/>
    </resource>
    <resource identifier="2615a8d8596c1ad125b2facb420a1c47" type="webcontent" href="Uploaded Media/M6Q14b.png">
      <file href="Uploaded Media/M6Q14b.png"/>
    </resource>
    <resource identifier="433b55e78c6a484bb9b2e1f28469e827" type="webcontent" href="Uploaded Media/M6Q14c.png">
      <file href="Uploaded Media/M6Q14c.png"/>
    </resource>
    <resource identifier="9c0c2fd5508b146d84233a80620e7d85" type="webcontent" href="Uploaded Media/M6Q14d.png">
      <file href="Uploaded Media/M6Q14d.png"/>
    </resource>
    <resource identifier="46d7670ca9bfd3fd7d1ae79fe30f2da1" type="webcontent" href="Uploaded Media/M6Q14e.png">
      <file href="Uploaded Media/M6Q14e.png"/>
    </resource>
    <resource identifier="652eeb94f9ae15901d8ad2f31bbf3295" type="webcontent" href="Uploaded Media/projectile.png">
      <file href="Uploaded Media/projectile.png"/>
    </resource>
    <resource identifier="gc6c662828280340f3af65ecbe21b09cb" type="associatedcontent/imscc_xmlv1p1/learning-application-resource" href="non_cc_assessments/gc6c662828280340f3af65ecbe21b09cb.xml.qti">
      <file href="non_cc_assessments/gc6c662828280340f3af65ecbe21b09cb.xml.qti"/>
    </resource>
    <resource identifier="ge67d3b606f3fa518858cf11352aeda3c" type="associatedcontent/imscc_xmlv1p1/learning-application-resource" href="non_cc_assessments/ge67d3b606f3fa518858cf11352aeda3c.xml.qti">
      <file href="non_cc_assessments/ge67d3b606f3fa518858cf11352aeda3c.xml.qti"/>
    </resource>
  </resources>
</manifest>
