<?xml version="1.0"?>
<questestinterop xmlns="http://www.imsglobal.org/xsd/ims_qtiasiv1p2" xmlns:xsi="http://www.w3.org/2001/XMLSchema-instance" xsi:schemaLocation="http://www.imsglobal.org/xsd/ims_qtiasiv1p2 http://www.imsglobal.org/xsd/ims_qtiasiv1p2p1.xsd">
  <assessment ident="g8e681540b3e9eb124f5cd3bf5e940629" title="M4 WA Part 2 Check for Understanding" external_assignment_id="875346">
    <qtimetadata>
      <qtimetadatafield>
        <fieldlabel>cc_maxattempts</fieldlabel>
        <fieldentry>unlimited</fieldentry>
      </qtimetadatafield>
    </qtimetadata>
    <section ident="root_section">
      <item ident="7561c672475f49e79fb9b1f983665959" title="">
        <itemmetadata>
          <qtimetadata>
            <qtimetadatafield>
              <fieldlabel>question_type</fieldlabel>
              <fieldentry>categorization_question</fieldentry>
            </qtimetadatafield>
            <qtimetadatafield>
              <fieldlabel>points_possible</fieldlabel>
              <fieldentry>1.0</fieldentry>
            </qtimetadatafield>
            <qtimetadatafield>
              <fieldlabel>original_answer_ids</fieldlabel>
              <fieldentry/>
            </qtimetadatafield>
            <qtimetadatafield>
              <fieldlabel>assessment_question_identifierref</fieldlabel>
              <fieldentry>4b02e6916201c45278e6137ef520ac68</fieldentry>
            </qtimetadatafield>
            <qtimetadatafield>
              <fieldlabel>calculator_type</fieldlabel>
              <fieldentry>none</fieldentry>
            </qtimetadatafield>
          </qtimetadata>
        </itemmetadata>
        <presentation>
          <material>
            <mattext texttype="text/html">&lt;p&gt;Categorize each of the following as either correct or incorrect ways of writing a quantity with units of joules or kilowatts?&lt;/p&gt;</mattext>
          </material>
          <response_lid ident="2f06284d-f155-47ab-991e-ed4227354152" rcardinality="Multiple">
            <material>
              <mattext texttype="text/plain">Incorrect</mattext>
            </material>
            <render_choice>
              <response_label ident="01f01b36-5da3-4998-a9e2-1301f85e78d4">
                <material>
                  <mattext texttype="text/plain">60 kW</mattext>
                </material>
              </response_label>
              <response_label ident="3e2df6e7-4d97-4435-8d81-2e721dc94071">
                <material>
                  <mattext texttype="text/plain">271j</mattext>
                </material>
              </response_label>
              <response_label ident="3e9f7e87-e3c8-4e1a-83be-5e87cf6a3ca2">
                <material>
                  <mattext texttype="text/plain">97 kW</mattext>
                </material>
              </response_label>
              <response_label ident="6567a850-b71c-421b-b993-eaf70cd0f584">
                <material>
                  <mattext texttype="text/plain">120 kw</mattext>
                </material>
              </response_label>
              <response_label ident="6f00b20e-9a20-4c11-a5a1-ecbd0209a367">
                <material>
                  <mattext texttype="text/plain">271 J</mattext>
                </material>
              </response_label>
              <response_label ident="6f48d4f6-f53b-4e63-9cc0-160ead27a8ae">
                <material>
                  <mattext texttype="text/plain">120 KW</mattext>
                </material>
              </response_label>
              <response_label ident="929d0b26-d597-42c4-81c3-a539f6ee73db">
                <material>
                  <mattext texttype="text/plain">271 j</mattext>
                </material>
              </response_label>
              <response_label ident="949970da-e66c-4fe7-b108-3058c3ea9e52">
                <material>
                  <mattext texttype="text/plain">83 Kw</mattext>
                </material>
              </response_label>
              <response_label ident="95a4c8cd-a603-4671-87d7-888f388a99c3">
                <material>
                  <mattext texttype="text/plain">55kW</mattext>
                </material>
              </response_label>
              <response_label ident="cd119ff9-b4df-42ac-8624-aaa3da7f894c">
                <material>
                  <mattext texttype="text/plain">1084 J</mattext>
                </material>
              </response_label>
              <response_label ident="e6cc7819-0eb8-447b-8de4-351f33b20465">
                <material>
                  <mattext texttype="text/plain">1084J</mattext>
                </material>
              </response_label>
            </render_choice>
          </response_lid>
          <response_lid ident="a85ebfef-656b-4030-83a1-6b08ad27e6b4" rcardinality="Multiple">
            <material>
              <mattext texttype="text/plain">Correct</mattext>
            </material>
            <render_choice>
              <response_label ident="01f01b36-5da3-4998-a9e2-1301f85e78d4">
                <material>
                  <mattext texttype="text/plain">60 kW</mattext>
                </material>
              </response_label>
              <response_label ident="3e2df6e7-4d97-4435-8d81-2e721dc94071">
                <material>
                  <mattext texttype="text/plain">271j</mattext>
                </material>
              </response_label>
              <response_label ident="3e9f7e87-e3c8-4e1a-83be-5e87cf6a3ca2">
                <material>
                  <mattext texttype="text/plain">97 kW</mattext>
                </material>
              </response_label>
              <response_label ident="6567a850-b71c-421b-b993-eaf70cd0f584">
                <material>
                  <mattext texttype="text/plain">120 kw</mattext>
                </material>
              </response_label>
              <response_label ident="6f00b20e-9a20-4c11-a5a1-ecbd0209a367">
                <material>
                  <mattext texttype="text/plain">271 J</mattext>
                </material>
              </response_label>
              <response_label ident="6f48d4f6-f53b-4e63-9cc0-160ead27a8ae">
                <material>
                  <mattext texttype="text/plain">120 KW</mattext>
                </material>
              </response_label>
              <response_label ident="929d0b26-d597-42c4-81c3-a539f6ee73db">
                <material>
                  <mattext texttype="text/plain">271 j</mattext>
                </material>
              </response_label>
              <response_label ident="949970da-e66c-4fe7-b108-3058c3ea9e52">
                <material>
                  <mattext texttype="text/plain">83 Kw</mattext>
                </material>
              </response_label>
              <response_label ident="95a4c8cd-a603-4671-87d7-888f388a99c3">
                <material>
                  <mattext texttype="text/plain">55kW</mattext>
                </material>
              </response_label>
              <response_label ident="cd119ff9-b4df-42ac-8624-aaa3da7f894c">
                <material>
                  <mattext texttype="text/plain">1084 J</mattext>
                </material>
              </response_label>
              <response_label ident="e6cc7819-0eb8-447b-8de4-351f33b20465">
                <material>
                  <mattext texttype="text/plain">1084J</mattext>
                </material>
              </response_label>
            </render_choice>
          </response_lid>
        </presentation>
        <resprocessing>
          <outcomes>
            <decvar maxvalue="100" minvalue="0" varname="SCORE" vartype="Decimal"/>
          </outcomes>
          <respcondition>
            <conditionvar>
              <varequal respident="a85ebfef-656b-4030-83a1-6b08ad27e6b4">6f00b20e-9a20-4c11-a5a1-ecbd0209a367</varequal>
              <varequal respident="a85ebfef-656b-4030-83a1-6b08ad27e6b4">01f01b36-5da3-4998-a9e2-1301f85e78d4</varequal>
              <varequal respident="a85ebfef-656b-4030-83a1-6b08ad27e6b4">3e9f7e87-e3c8-4e1a-83be-5e87cf6a3ca2</varequal>
              <varequal respident="a85ebfef-656b-4030-83a1-6b08ad27e6b4">cd119ff9-b4df-42ac-8624-aaa3da7f894c</varequal>
            </conditionvar>
            <setvar action="Add" varname="SCORE">50.00</setvar>
          </respcondition>
          <respcondition>
            <conditionvar>
              <varequal respident="2f06284d-f155-47ab-991e-ed4227354152">3e2df6e7-4d97-4435-8d81-2e721dc94071</varequal>
              <varequal respident="2f06284d-f155-47ab-991e-ed4227354152">929d0b26-d597-42c4-81c3-a539f6ee73db</varequal>
              <varequal respident="2f06284d-f155-47ab-991e-ed4227354152">6567a850-b71c-421b-b993-eaf70cd0f584</varequal>
              <varequal respident="2f06284d-f155-47ab-991e-ed4227354152">949970da-e66c-4fe7-b108-3058c3ea9e52</varequal>
              <varequal respident="2f06284d-f155-47ab-991e-ed4227354152">6f48d4f6-f53b-4e63-9cc0-160ead27a8ae</varequal>
              <varequal respident="2f06284d-f155-47ab-991e-ed4227354152">e6cc7819-0eb8-447b-8de4-351f33b20465</varequal>
              <varequal respident="2f06284d-f155-47ab-991e-ed4227354152">95a4c8cd-a603-4671-87d7-888f388a99c3</varequal>
            </conditionvar>
            <setvar action="Add" varname="SCORE">50.00</setvar>
          </respcondition>
        </resprocessing>
      </item>
      <item ident="440cdc32460c5ce6d595a489fcb6eae9" title="">
        <itemmetadata>
          <qtimetadata>
            <qtimetadatafield>
              <fieldlabel>question_type</fieldlabel>
              <fieldentry>matching_question</fieldentry>
            </qtimetadatafield>
            <qtimetadatafield>
              <fieldlabel>points_possible</fieldlabel>
              <fieldentry>1.0</fieldentry>
            </qtimetadatafield>
            <qtimetadatafield>
              <fieldlabel>original_answer_ids</fieldlabel>
              <fieldentry>15900,24955,36569,95012,2347c213-7d3d-47dd-ae0c-6be38485a190,501d52e6-a1fb-4ab6-ab90-887dc58392d5,ad28dd5b-8e29-4235-9884-5769a850196a,e3629916-6db4-4027-8fdc-68aa47712f3d</fieldentry>
            </qtimetadatafield>
            <qtimetadatafield>
              <fieldlabel>assessment_question_identifierref</fieldlabel>
              <fieldentry>ec5d1b6c3fffa6a6dafbfcab4e51e0a3</fieldentry>
            </qtimetadatafield>
            <qtimetadatafield>
              <fieldlabel>calculator_type</fieldlabel>
              <fieldentry>none</fieldentry>
            </qtimetadatafield>
            <qtimetadatafield>
              <fieldlabel>scoring_algorithm</fieldlabel>
              <fieldentry>PartialDeep</fieldentry>
            </qtimetadatafield>
          </qtimetadata>
        </itemmetadata>
        <presentation>
          <material>
            <mattext texttype="text/html">&lt;p&gt;Match the following words/phrases to their respective definition&lt;/p&gt;</mattext>
          </material>
          <response_lid ident="response_36569">
            <material>
              <mattext texttype="text/plain">work</mattext>
            </material>
            <render_choice>
              <response_label ident="15900">
                <material>
                  <mattext>Work and heat are ways in which the energy of a system can change.</mattext>
                </material>
              </response_label>
              <response_label ident="24955">
                <material>
                  <mattext>Ideal machines do not exist.</mattext>
                </material>
              </response_label>
              <response_label ident="36569">
                <material>
                  <mattext>Change in energy by a force.</mattext>
                </material>
              </response_label>
              <response_label ident="95012">
                <material>
                  <mattext>The metric of fitness of a machine that has an output of work.</mattext>
                </material>
              </response_label>
              <response_label ident="2347c213-7d3d-47dd-ae0c-6be38485a190">
                <material>
                  <mattext>What comes in is equal to what goes out.</mattext>
                </material>
              </response_label>
              <response_label ident="501d52e6-a1fb-4ab6-ab90-887dc58392d5">
                <material>
                  <mattext>The standard SI unit for energy.</mattext>
                </material>
              </response_label>
              <response_label ident="ad28dd5b-8e29-4235-9884-5769a850196a">
                <material>
                  <mattext>The standard SI unit for power.</mattext>
                </material>
              </response_label>
              <response_label ident="e3629916-6db4-4027-8fdc-68aa47712f3d">
                <material>
                  <mattext>The rate at which work is done.</mattext>
                </material>
              </response_label>
            </render_choice>
          </response_lid>
          <response_lid ident="response_95012">
            <material>
              <mattext texttype="text/plain">efficiency</mattext>
            </material>
            <render_choice>
              <response_label ident="15900">
                <material>
                  <mattext>Work and heat are ways in which the energy of a system can change.</mattext>
                </material>
              </response_label>
              <response_label ident="24955">
                <material>
                  <mattext>Ideal machines do not exist.</mattext>
                </material>
              </response_label>
              <response_label ident="36569">
                <material>
                  <mattext>Change in energy by a force.</mattext>
                </material>
              </response_label>
              <response_label ident="95012">
                <material>
                  <mattext>The metric of fitness of a machine that has an output of work.</mattext>
                </material>
              </response_label>
              <response_label ident="2347c213-7d3d-47dd-ae0c-6be38485a190">
                <material>
                  <mattext>What comes in is equal to what goes out.</mattext>
                </material>
              </response_label>
              <response_label ident="501d52e6-a1fb-4ab6-ab90-887dc58392d5">
                <material>
                  <mattext>The standard SI unit for energy.</mattext>
                </material>
              </response_label>
              <response_label ident="ad28dd5b-8e29-4235-9884-5769a850196a">
                <material>
                  <mattext>The standard SI unit for power.</mattext>
                </material>
              </response_label>
              <response_label ident="e3629916-6db4-4027-8fdc-68aa47712f3d">
                <material>
                  <mattext>The rate at which work is done.</mattext>
                </material>
              </response_label>
            </render_choice>
          </response_lid>
          <response_lid ident="response_15900">
            <material>
              <mattext texttype="text/plain">1st Law of Thermodynamics</mattext>
            </material>
            <render_choice>
              <response_label ident="15900">
                <material>
                  <mattext>Work and heat are ways in which the energy of a system can change.</mattext>
                </material>
              </response_label>
              <response_label ident="24955">
                <material>
                  <mattext>Ideal machines do not exist.</mattext>
                </material>
              </response_label>
              <response_label ident="36569">
                <material>
                  <mattext>Change in energy by a force.</mattext>
                </material>
              </response_label>
              <response_label ident="95012">
                <material>
                  <mattext>The metric of fitness of a machine that has an output of work.</mattext>
                </material>
              </response_label>
              <response_label ident="2347c213-7d3d-47dd-ae0c-6be38485a190">
                <material>
                  <mattext>What comes in is equal to what goes out.</mattext>
                </material>
              </response_label>
              <response_label ident="501d52e6-a1fb-4ab6-ab90-887dc58392d5">
                <material>
                  <mattext>The standard SI unit for energy.</mattext>
                </material>
              </response_label>
              <response_label ident="ad28dd5b-8e29-4235-9884-5769a850196a">
                <material>
                  <mattext>The standard SI unit for power.</mattext>
                </material>
              </response_label>
              <response_label ident="e3629916-6db4-4027-8fdc-68aa47712f3d">
                <material>
                  <mattext>The rate at which work is done.</mattext>
                </material>
              </response_label>
            </render_choice>
          </response_lid>
          <response_lid ident="response_24955">
            <material>
              <mattext texttype="text/plain">2nd Law of Thermodynamics</mattext>
            </material>
            <render_choice>
              <response_label ident="15900">
                <material>
                  <mattext>Work and heat are ways in which the energy of a system can change.</mattext>
                </material>
              </response_label>
              <response_label ident="24955">
                <material>
                  <mattext>Ideal machines do not exist.</mattext>
                </material>
              </response_label>
              <response_label ident="36569">
                <material>
                  <mattext>Change in energy by a force.</mattext>
                </material>
              </response_label>
              <response_label ident="95012">
                <material>
                  <mattext>The metric of fitness of a machine that has an output of work.</mattext>
                </material>
              </response_label>
              <response_label ident="2347c213-7d3d-47dd-ae0c-6be38485a190">
                <material>
                  <mattext>What comes in is equal to what goes out.</mattext>
                </material>
              </response_label>
              <response_label ident="501d52e6-a1fb-4ab6-ab90-887dc58392d5">
                <material>
                  <mattext>The standard SI unit for energy.</mattext>
                </material>
              </response_label>
              <response_label ident="ad28dd5b-8e29-4235-9884-5769a850196a">
                <material>
                  <mattext>The standard SI unit for power.</mattext>
                </material>
              </response_label>
              <response_label ident="e3629916-6db4-4027-8fdc-68aa47712f3d">
                <material>
                  <mattext>The rate at which work is done.</mattext>
                </material>
              </response_label>
            </render_choice>
          </response_lid>
          <response_lid ident="response_2347c213-7d3d-47dd-ae0c-6be38485a190">
            <material>
              <mattext texttype="text/plain">steady-state</mattext>
            </material>
            <render_choice>
              <response_label ident="15900">
                <material>
                  <mattext>Work and heat are ways in which the energy of a system can change.</mattext>
                </material>
              </response_label>
              <response_label ident="24955">
                <material>
                  <mattext>Ideal machines do not exist.</mattext>
                </material>
              </response_label>
              <response_label ident="36569">
                <material>
                  <mattext>Change in energy by a force.</mattext>
                </material>
              </response_label>
              <response_label ident="95012">
                <material>
                  <mattext>The metric of fitness of a machine that has an output of work.</mattext>
                </material>
              </response_label>
              <response_label ident="2347c213-7d3d-47dd-ae0c-6be38485a190">
                <material>
                  <mattext>What comes in is equal to what goes out.</mattext>
                </material>
              </response_label>
              <response_label ident="501d52e6-a1fb-4ab6-ab90-887dc58392d5">
                <material>
                  <mattext>The standard SI unit for energy.</mattext>
                </material>
              </response_label>
              <response_label ident="ad28dd5b-8e29-4235-9884-5769a850196a">
                <material>
                  <mattext>The standard SI unit for power.</mattext>
                </material>
              </response_label>
              <response_label ident="e3629916-6db4-4027-8fdc-68aa47712f3d">
                <material>
                  <mattext>The rate at which work is done.</mattext>
                </material>
              </response_label>
            </render_choice>
          </response_lid>
          <response_lid ident="response_e3629916-6db4-4027-8fdc-68aa47712f3d">
            <material>
              <mattext texttype="text/plain">power</mattext>
            </material>
            <render_choice>
              <response_label ident="15900">
                <material>
                  <mattext>Work and heat are ways in which the energy of a system can change.</mattext>
                </material>
              </response_label>
              <response_label ident="24955">
                <material>
                  <mattext>Ideal machines do not exist.</mattext>
                </material>
              </response_label>
              <response_label ident="36569">
                <material>
                  <mattext>Change in energy by a force.</mattext>
                </material>
              </response_label>
              <response_label ident="95012">
                <material>
                  <mattext>The metric of fitness of a machine that has an output of work.</mattext>
                </material>
              </response_label>
              <response_label ident="2347c213-7d3d-47dd-ae0c-6be38485a190">
                <material>
                  <mattext>What comes in is equal to what goes out.</mattext>
                </material>
              </response_label>
              <response_label ident="501d52e6-a1fb-4ab6-ab90-887dc58392d5">
                <material>
                  <mattext>The standard SI unit for energy.</mattext>
                </material>
              </response_label>
              <response_label ident="ad28dd5b-8e29-4235-9884-5769a850196a">
                <material>
                  <mattext>The standard SI unit for power.</mattext>
                </material>
              </response_label>
              <response_label ident="e3629916-6db4-4027-8fdc-68aa47712f3d">
                <material>
                  <mattext>The rate at which work is done.</mattext>
                </material>
              </response_label>
            </render_choice>
          </response_lid>
          <response_lid ident="response_501d52e6-a1fb-4ab6-ab90-887dc58392d5">
            <material>
              <mattext texttype="text/plain">joule</mattext>
            </material>
            <render_choice>
              <response_label ident="15900">
                <material>
                  <mattext>Work and heat are ways in which the energy of a system can change.</mattext>
                </material>
              </response_label>
              <response_label ident="24955">
                <material>
                  <mattext>Ideal machines do not exist.</mattext>
                </material>
              </response_label>
              <response_label ident="36569">
                <material>
                  <mattext>Change in energy by a force.</mattext>
                </material>
              </response_label>
              <response_label ident="95012">
                <material>
                  <mattext>The metric of fitness of a machine that has an output of work.</mattext>
                </material>
              </response_label>
              <response_label ident="2347c213-7d3d-47dd-ae0c-6be38485a190">
                <material>
                  <mattext>What comes in is equal to what goes out.</mattext>
                </material>
              </response_label>
              <response_label ident="501d52e6-a1fb-4ab6-ab90-887dc58392d5">
                <material>
                  <mattext>The standard SI unit for energy.</mattext>
                </material>
              </response_label>
              <response_label ident="ad28dd5b-8e29-4235-9884-5769a850196a">
                <material>
                  <mattext>The standard SI unit for power.</mattext>
                </material>
              </response_label>
              <response_label ident="e3629916-6db4-4027-8fdc-68aa47712f3d">
                <material>
                  <mattext>The rate at which work is done.</mattext>
                </material>
              </response_label>
            </render_choice>
          </response_lid>
          <response_lid ident="response_ad28dd5b-8e29-4235-9884-5769a850196a">
            <material>
              <mattext texttype="text/plain">watt</mattext>
            </material>
            <render_choice>
              <response_label ident="15900">
                <material>
                  <mattext>Work and heat are ways in which the energy of a system can change.</mattext>
                </material>
              </response_label>
              <response_label ident="24955">
                <material>
                  <mattext>Ideal machines do not exist.</mattext>
                </material>
              </response_label>
              <response_label ident="36569">
                <material>
                  <mattext>Change in energy by a force.</mattext>
                </material>
              </response_label>
              <response_label ident="95012">
                <material>
                  <mattext>The metric of fitness of a machine that has an output of work.</mattext>
                </material>
              </response_label>
              <response_label ident="2347c213-7d3d-47dd-ae0c-6be38485a190">
                <material>
                  <mattext>What comes in is equal to what goes out.</mattext>
                </material>
              </response_label>
              <response_label ident="501d52e6-a1fb-4ab6-ab90-887dc58392d5">
                <material>
                  <mattext>The standard SI unit for energy.</mattext>
                </material>
              </response_label>
              <response_label ident="ad28dd5b-8e29-4235-9884-5769a850196a">
                <material>
                  <mattext>The standard SI unit for power.</mattext>
                </material>
              </response_label>
              <response_label ident="e3629916-6db4-4027-8fdc-68aa47712f3d">
                <material>
                  <mattext>The rate at which work is done.</mattext>
                </material>
              </response_label>
            </render_choice>
          </response_lid>
        </presentation>
        <resprocessing>
          <outcomes>
            <decvar maxvalue="100" minvalue="0" varname="SCORE" vartype="Decimal"/>
          </outcomes>
          <respcondition>
            <conditionvar>
              <varequal respident="response_36569">36569</varequal>
            </conditionvar>
            <setvar action="Add" varname="SCORE">12.50</setvar>
          </respcondition>
          <respcondition>
            <conditionvar>
              <varequal respident="response_95012">95012</varequal>
            </conditionvar>
            <setvar action="Add" varname="SCORE">12.50</setvar>
          </respcondition>
          <respcondition>
            <conditionvar>
              <varequal respident="response_15900">15900</varequal>
            </conditionvar>
            <setvar action="Add" varname="SCORE">12.50</setvar>
          </respcondition>
          <respcondition>
            <conditionvar>
              <varequal respident="response_24955">24955</varequal>
            </conditionvar>
            <setvar action="Add" varname="SCORE">12.50</setvar>
          </respcondition>
          <respcondition>
            <conditionvar>
              <varequal respident="response_2347c213-7d3d-47dd-ae0c-6be38485a190">2347c213-7d3d-47dd-ae0c-6be38485a190</varequal>
            </conditionvar>
            <setvar action="Add" varname="SCORE">12.50</setvar>
          </respcondition>
          <respcondition>
            <conditionvar>
              <varequal respident="response_e3629916-6db4-4027-8fdc-68aa47712f3d">e3629916-6db4-4027-8fdc-68aa47712f3d</varequal>
            </conditionvar>
            <setvar action="Add" varname="SCORE">12.50</setvar>
          </respcondition>
          <respcondition>
            <conditionvar>
              <varequal respident="response_501d52e6-a1fb-4ab6-ab90-887dc58392d5">501d52e6-a1fb-4ab6-ab90-887dc58392d5</varequal>
            </conditionvar>
            <setvar action="Add" varname="SCORE">12.50</setvar>
          </respcondition>
          <respcondition>
            <conditionvar>
              <varequal respident="response_ad28dd5b-8e29-4235-9884-5769a850196a">ad28dd5b-8e29-4235-9884-5769a850196a</varequal>
            </conditionvar>
            <setvar action="Add" varname="SCORE">12.50</setvar>
          </respcondition>
        </resprocessing>
      </item>
    </section>
  </assessment>
</questestinterop>
