<?xml version="1.0"?>
<manifest xmlns="http://www.imsglobal.org/xsd/imsccv1p1/imscp_v1p1" xmlns:lom="http://ltsc.ieee.org/xsd/imsccv1p1/LOM/resource" xmlns:imsmd="http://www.imsglobal.org/xsd/imsmd_v1p2" xmlns:xsi="http://www.w3.org/2001/XMLSchema-instance" identifier="bbe177ea66defac73276231ab14cd901" xsi:schemaLocation="http://www.imsglobal.org/xsd/imsccv1p1/imscp_v1p1 http://www.imsglobal.org/xsd/imscp_v1p1.xsd http://ltsc.ieee.org/xsd/imsccv1p1/LOM/resource http://www.imsglobal.org/profile/cc/ccv1p1/LOM/ccv1p1_lomresource_v1p0.xsd http://www.imsglobal.org/xsd/imsmd_v1p2 http://www.imsglobal.org/xsd/imsmd_v1p2p2.xsd">
  <metadata>
    <schema>IMS Content</schema>
    <schemaversion>1.1.3</schemaversion>
    <imsmd:lom>
      <imsmd:general>
        <imsmd:title>
          <imsmd:string>QTI Quiz Export for </imsmd:string>
        </imsmd:title>
      </imsmd:general>
      <imsmd:lifeCycle>
        <imsmd:contribute>
          <imsmd:date>
            <imsmd:dateTime>2026-01-12</imsmd:dateTime>
          </imsmd:date>
        </imsmd:contribute>
      </imsmd:lifeCycle>
      <imsmd:rights>
        <imsmd:copyrightAndOtherRestrictions>
          <imsmd:value>yes</imsmd:value>
        </imsmd:copyrightAndOtherRestrictions>
        <imsmd:description>
          <imsmd:string>Private (Copyrighted) - http://en.wikipedia.org/wiki/Copyright</imsmd:string>
        </imsmd:description>
      </imsmd:rights>
    </imsmd:lom>
  </metadata>
  <organizations/>
  <resources>
    <resource identifier="g1a96a3200558d34418b14b958e8f17ab" type="imsqti_xmlv1p2">
      <file href="g1a96a3200558d34418b14b958e8f17ab/g1a96a3200558d34418b14b958e8f17ab.xml"/>
      <dependency identifierref="5454a45584856c393d7e0e4e7e4c1361"/>
    </resource>
    <resource identifier="5454a45584856c393d7e0e4e7e4c1361" type="associatedcontent/imscc_xmlv1p1/learning-application-resource" href="g1a96a3200558d34418b14b958e8f17ab/assessment_meta.xml">
      <file href="g1a96a3200558d34418b14b958e8f17ab/assessment_meta.xml"/>
    </resource>
    <resource identifier="a706fdb81a6f04d6ee62a8f24db1e49c" type="webcontent" href="Uploaded Media/cloud_img1.png">
      <file href="Uploaded Media/cloud_img1.png"/>
    </resource>
    <resource identifier="a92b47646a36fdec9f90de83386fb7f6" type="webcontent" href="Uploaded Media/cloud_img3.png">
      <file href="Uploaded Media/cloud_img3.png"/>
    </resource>
  </resources>
</manifest>
