<?xml version="1.0"?>
<manifest xmlns="http://www.imsglobal.org/xsd/imsccv1p1/imscp_v1p1" xmlns:lom="http://ltsc.ieee.org/xsd/imsccv1p1/LOM/resource" xmlns:imsmd="http://www.imsglobal.org/xsd/imsmd_v1p2" xmlns:xsi="http://www.w3.org/2001/XMLSchema-instance" identifier="aa7631b4380d8aade12b857b178f5d91" xsi:schemaLocation="http://www.imsglobal.org/xsd/imsccv1p1/imscp_v1p1 http://www.imsglobal.org/xsd/imscp_v1p1.xsd http://ltsc.ieee.org/xsd/imsccv1p1/LOM/resource http://www.imsglobal.org/profile/cc/ccv1p1/LOM/ccv1p1_lomresource_v1p0.xsd http://www.imsglobal.org/xsd/imsmd_v1p2 http://www.imsglobal.org/xsd/imsmd_v1p2p2.xsd">
  <metadata>
    <schema>IMS Content</schema>
    <schemaversion>1.1.3</schemaversion>
    <imsmd:lom>
      <imsmd:general>
        <imsmd:title>
          <imsmd:string>QTI Quiz Export for </imsmd:string>
        </imsmd:title>
      </imsmd:general>
      <imsmd:lifeCycle>
        <imsmd:contribute>
          <imsmd:date>
            <imsmd:dateTime>2026-01-12</imsmd:dateTime>
          </imsmd:date>
        </imsmd:contribute>
      </imsmd:lifeCycle>
      <imsmd:rights>
        <imsmd:copyrightAndOtherRestrictions>
          <imsmd:value>yes</imsmd:value>
        </imsmd:copyrightAndOtherRestrictions>
        <imsmd:description>
          <imsmd:string>Private (Copyrighted) - http://en.wikipedia.org/wiki/Copyright</imsmd:string>
        </imsmd:description>
      </imsmd:rights>
    </imsmd:lom>
  </metadata>
  <organizations/>
  <resources>
    <resource identifier="g3094c176aaa1f16f86e73d21bc67168b" type="imsqti_xmlv1p2">
      <file href="g3094c176aaa1f16f86e73d21bc67168b/g3094c176aaa1f16f86e73d21bc67168b.xml"/>
      <dependency identifierref="4c40e13755aff7b41e327a26eb55d38e"/>
    </resource>
    <resource identifier="4c40e13755aff7b41e327a26eb55d38e" type="associatedcontent/imscc_xmlv1p1/learning-application-resource" href="g3094c176aaa1f16f86e73d21bc67168b/assessment_meta.xml">
      <file href="g3094c176aaa1f16f86e73d21bc67168b/assessment_meta.xml"/>
    </resource>
    <resource identifier="a9cf588ca0e03b8239e353036e5afafe" type="webcontent" href="Uploaded Media/M5MAB_BlockRamp_Image.png">
      <file href="Uploaded Media/M5MAB_BlockRamp_Image.png"/>
    </resource>
    <resource identifier="3bd877a04ecac6db5ee21c83a679ea54" type="webcontent" href="Uploaded Media/M5MAB_PaddleBoard_Image.png">
      <file href="Uploaded Media/M5MAB_PaddleBoard_Image.png"/>
    </resource>
    <resource identifier="g6f708943c489bf3f4ce6055d78ebb569" type="associatedcontent/imscc_xmlv1p1/learning-application-resource" href="non_cc_assessments/g6f708943c489bf3f4ce6055d78ebb569.xml.qti">
      <file href="non_cc_assessments/g6f708943c489bf3f4ce6055d78ebb569.xml.qti"/>
    </resource>
    <resource identifier="gce0c6d6e13ce9d2b3bf1e5f8faf1889a" type="associatedcontent/imscc_xmlv1p1/learning-application-resource" href="non_cc_assessments/gce0c6d6e13ce9d2b3bf1e5f8faf1889a.xml.qti">
      <file href="non_cc_assessments/gce0c6d6e13ce9d2b3bf1e5f8faf1889a.xml.qti"/>
    </resource>
    <resource identifier="g2fb708a7f97d2658e145d8d9b4116e22" type="associatedcontent/imscc_xmlv1p1/learning-application-resource" href="non_cc_assessments/g2fb708a7f97d2658e145d8d9b4116e22.xml.qti">
      <file href="non_cc_assessments/g2fb708a7f97d2658e145d8d9b4116e22.xml.qti"/>
    </resource>
  </resources>
</manifest>
