<?xml version="1.0"?>
<quiz xmlns="http://canvas.instructure.com/xsd/cccv1p0" xmlns:xsi="http://canvas.instructure.com/xsd/cccv1p0 https://canvas.instructure.com/xsd/cccv1p0.xsd" identifier="g8b8fd7e3649b2607be9178799896277e">
  <title>M4: Check for Understanding</title>
  <description/>
  <due_at>2026-02-23T05:59:59Z</due_at>
  <lock_at/>
  <unlock_at/>
  <shuffle_questions>false</shuffle_questions>
  <shuffle_answers>true</shuffle_answers>
  <calculator_type>basic</calculator_type>
  <scoring_policy>keep_highest</scoring_policy>
  <hide_results/>
  <quiz_type>assignment</quiz_type>
  <points_possible>100.0</points_possible>
  <require_lockdown_browser>false</require_lockdown_browser>
  <require_lockdown_browser_for_results>false</require_lockdown_browser_for_results>
  <require_lockdown_browser_monitor>false</require_lockdown_browser_monitor>
  <lockdown_browser_monitor_data/>
  <show_correct_answers>false</show_correct_answers>
  <anonymous_submissions>false</anonymous_submissions>
  <could_be_locked>false</could_be_locked>
  <disable_timer_autosubmission>false</disable_timer_autosubmission>
  <allowed_attempts>-1</allowed_attempts>
  <build_on_last_attempt>false</build_on_last_attempt>
  <one_question_at_a_time>false</one_question_at_a_time>
  <cant_go_back>false</cant_go_back>
  <available>false</available>
  <one_time_results>false</one_time_results>
  <show_correct_answers_last_attempt>false</show_correct_answers_last_attempt>
  <only_visible_to_overrides>false</only_visible_to_overrides>
  <module_locked>false</module_locked>
  <allow_clear_mc_selection>true</allow_clear_mc_selection>
  <disable_document_access>false</disable_document_access>
  <result_view_restricted>true</result_view_restricted>
  <display_items>true</display_items>
  <display_item_feedback>true</display_item_feedback>
  <display_item_response>true</display_item_response>
  <display_points_awarded>true</display_points_awarded>
  <display_points_possible>true</display_points_possible>
  <display_item_correct_answer>false</display_item_correct_answer>
  <display_item_response_correctness>true</display_item_response_correctness>
  <display_item_response_qualifier/>
  <show_item_responses_at/>
  <hide_item_responses_at/>
  <display_item_response_correctness_qualifier/>
  <show_item_response_correctness_at/>
  <hide_item_response_correctness_at/>
  <assignment identifier="42f12c7e016704de742e302c085f277f">
    <title>M4: Check for Understanding</title>
    <due_at>2026-02-23T05:59:59Z</due_at>
    <lock_at/>
    <unlock_at/>
    <module_locked>false</module_locked>
    <workflow_state>published</workflow_state>
    <assignment_overrides/>
    <assignment_overrides/>
    <quiz_identifierref>g8b8fd7e3649b2607be9178799896277e</quiz_identifierref>
    <allowed_extensions/>
    <has_group_category>false</has_group_category>
    <points_possible>100.0</points_possible>
    <grading_type>points</grading_type>
    <all_day>false</all_day>
    <submission_types>online_quiz</submission_types>
    <position>1</position>
    <turnitin_enabled>false</turnitin_enabled>
    <vericite_enabled>false</vericite_enabled>
    <peer_review_count>0</peer_review_count>
    <peer_reviews>false</peer_reviews>
    <automatic_peer_reviews>false</automatic_peer_reviews>
    <anonymous_peer_reviews>false</anonymous_peer_reviews>
    <grade_group_students_individually>false</grade_group_students_individually>
    <freeze_on_copy>false</freeze_on_copy>
    <omit_from_final_grade>false</omit_from_final_grade>
    <intra_group_peer_reviews>false</intra_group_peer_reviews>
    <only_visible_to_overrides>false</only_visible_to_overrides>
    <post_to_sis>false</post_to_sis>
    <moderated_grading>false</moderated_grading>
    <grader_count>0</grader_count>
    <grader_comments_visible_to_graders>true</grader_comments_visible_to_graders>
    <anonymous_grading>false</anonymous_grading>
    <graders_anonymous_to_graders>false</graders_anonymous_to_graders>
    <grader_names_visible_to_final_grader>true</grader_names_visible_to_final_grader>
    <anonymous_instructor_annotations>false</anonymous_instructor_annotations>
    <post_policy>
      <post_manually>false</post_manually>
    </post_policy>
    <assignment_group_identifierref>g5d8a83bcbe39788239ef8efc36dd4fd2</assignment_group_identifierref>
    <assignment_overrides/>
  </assignment>
</quiz>
