<?xml version="1.0"?>
<manifest xmlns="http://www.imsglobal.org/xsd/imsccv1p1/imscp_v1p1" xmlns:lom="http://ltsc.ieee.org/xsd/imsccv1p1/LOM/resource" xmlns:imsmd="http://www.imsglobal.org/xsd/imsmd_v1p2" xmlns:xsi="http://www.w3.org/2001/XMLSchema-instance" identifier="e55395dd73b56bd9a5cf05a61b706df6" xsi:schemaLocation="http://www.imsglobal.org/xsd/imsccv1p1/imscp_v1p1 http://www.imsglobal.org/xsd/imscp_v1p1.xsd http://ltsc.ieee.org/xsd/imsccv1p1/LOM/resource http://www.imsglobal.org/profile/cc/ccv1p1/LOM/ccv1p1_lomresource_v1p0.xsd http://www.imsglobal.org/xsd/imsmd_v1p2 http://www.imsglobal.org/xsd/imsmd_v1p2p2.xsd">
  <metadata>
    <schema>IMS Content</schema>
    <schemaversion>1.1.3</schemaversion>
    <imsmd:lom>
      <imsmd:general>
        <imsmd:title>
          <imsmd:string>QTI Quiz Export for </imsmd:string>
        </imsmd:title>
      </imsmd:general>
      <imsmd:lifeCycle>
        <imsmd:contribute>
          <imsmd:date>
            <imsmd:dateTime>2026-01-12</imsmd:dateTime>
          </imsmd:date>
        </imsmd:contribute>
      </imsmd:lifeCycle>
      <imsmd:rights>
        <imsmd:copyrightAndOtherRestrictions>
          <imsmd:value>yes</imsmd:value>
        </imsmd:copyrightAndOtherRestrictions>
        <imsmd:description>
          <imsmd:string>Private (Copyrighted) - http://en.wikipedia.org/wiki/Copyright</imsmd:string>
        </imsmd:description>
      </imsmd:rights>
    </imsmd:lom>
  </metadata>
  <organizations/>
  <resources>
    <resource identifier="g92a18f40ba3c0cdccf9bc9e2a5716c3a" type="imsqti_xmlv1p2">
      <file href="g92a18f40ba3c0cdccf9bc9e2a5716c3a/g92a18f40ba3c0cdccf9bc9e2a5716c3a.xml"/>
      <dependency identifierref="7f1e71ede8b3fe547d62cc2b15fe469a"/>
    </resource>
    <resource identifier="7f1e71ede8b3fe547d62cc2b15fe469a" type="associatedcontent/imscc_xmlv1p1/learning-application-resource" href="g92a18f40ba3c0cdccf9bc9e2a5716c3a/assessment_meta.xml">
      <file href="g92a18f40ba3c0cdccf9bc9e2a5716c3a/assessment_meta.xml"/>
    </resource>
    <resource identifier="5f19db8c584dd99e9766005e23fb72a6" type="webcontent" href="Uploaded Media/MA2_Q12.png">
      <file href="Uploaded Media/MA2_Q12.png"/>
    </resource>
    <resource identifier="5fcdf61073983eded8c7e1da2795b6af" type="webcontent" href="Uploaded Media/Milky_way.webp">
      <file href="Uploaded Media/Milky_way.webp"/>
    </resource>
    <resource identifier="g3686e00d06c267b45ae8d5391f249537" type="associatedcontent/imscc_xmlv1p1/learning-application-resource" href="non_cc_assessments/g3686e00d06c267b45ae8d5391f249537.xml.qti">
      <file href="non_cc_assessments/g3686e00d06c267b45ae8d5391f249537.xml.qti"/>
    </resource>
  </resources>
</manifest>
