<?xml version="1.0"?>
<manifest xmlns="http://www.imsglobal.org/xsd/imsccv1p1/imscp_v1p1" xmlns:lom="http://ltsc.ieee.org/xsd/imsccv1p1/LOM/resource" xmlns:imsmd="http://www.imsglobal.org/xsd/imsmd_v1p2" xmlns:xsi="http://www.w3.org/2001/XMLSchema-instance" identifier="5b1327d39d5712f1ace9b3c54444ee97" xsi:schemaLocation="http://www.imsglobal.org/xsd/imsccv1p1/imscp_v1p1 http://www.imsglobal.org/xsd/imscp_v1p1.xsd http://ltsc.ieee.org/xsd/imsccv1p1/LOM/resource http://www.imsglobal.org/profile/cc/ccv1p1/LOM/ccv1p1_lomresource_v1p0.xsd http://www.imsglobal.org/xsd/imsmd_v1p2 http://www.imsglobal.org/xsd/imsmd_v1p2p2.xsd">
  <metadata>
    <schema>IMS Content</schema>
    <schemaversion>1.1.3</schemaversion>
    <imsmd:lom>
      <imsmd:general>
        <imsmd:title>
          <imsmd:string>QTI Quiz Export for </imsmd:string>
        </imsmd:title>
      </imsmd:general>
      <imsmd:lifeCycle>
        <imsmd:contribute>
          <imsmd:date>
            <imsmd:dateTime>2026-01-12</imsmd:dateTime>
          </imsmd:date>
        </imsmd:contribute>
      </imsmd:lifeCycle>
      <imsmd:rights>
        <imsmd:copyrightAndOtherRestrictions>
          <imsmd:value>yes</imsmd:value>
        </imsmd:copyrightAndOtherRestrictions>
        <imsmd:description>
          <imsmd:string>Private (Copyrighted) - http://en.wikipedia.org/wiki/Copyright</imsmd:string>
        </imsmd:description>
      </imsmd:rights>
    </imsmd:lom>
  </metadata>
  <organizations/>
  <resources>
    <resource identifier="g3a274a3037058e3779dd92eb831e401e" type="imsqti_xmlv1p2">
      <file href="g3a274a3037058e3779dd92eb831e401e/g3a274a3037058e3779dd92eb831e401e.xml"/>
      <dependency identifierref="99143e0d2eff5c767358f87b37bd4111"/>
    </resource>
    <resource identifier="99143e0d2eff5c767358f87b37bd4111" type="associatedcontent/imscc_xmlv1p1/learning-application-resource" href="g3a274a3037058e3779dd92eb831e401e/assessment_meta.xml">
      <file href="g3a274a3037058e3779dd92eb831e401e/assessment_meta.xml"/>
    </resource>
    <resource identifier="dd859bfceddd8c86605aeaf5687df8c1" type="webcontent" href="Uploaded Media/2f8ae253-b6f7-419c-9c04-654575f0a08f">
      <file href="Uploaded Media/2f8ae253-b6f7-419c-9c04-654575f0a08f"/>
    </resource>
  </resources>
</manifest>
