<?xml version="1.0"?>
<manifest xmlns="http://www.imsglobal.org/xsd/imsccv1p1/imscp_v1p1" xmlns:lom="http://ltsc.ieee.org/xsd/imsccv1p1/LOM/resource" xmlns:imsmd="http://www.imsglobal.org/xsd/imsmd_v1p2" xmlns:xsi="http://www.w3.org/2001/XMLSchema-instance" identifier="772d00796052264dca7adfd2cbcc0929" xsi:schemaLocation="http://www.imsglobal.org/xsd/imsccv1p1/imscp_v1p1 http://www.imsglobal.org/xsd/imscp_v1p1.xsd http://ltsc.ieee.org/xsd/imsccv1p1/LOM/resource http://www.imsglobal.org/profile/cc/ccv1p1/LOM/ccv1p1_lomresource_v1p0.xsd http://www.imsglobal.org/xsd/imsmd_v1p2 http://www.imsglobal.org/xsd/imsmd_v1p2p2.xsd">
  <metadata>
    <schema>IMS Content</schema>
    <schemaversion>1.1.3</schemaversion>
    <imsmd:lom>
      <imsmd:general>
        <imsmd:title>
          <imsmd:string>QTI Quiz Export for </imsmd:string>
        </imsmd:title>
      </imsmd:general>
      <imsmd:lifeCycle>
        <imsmd:contribute>
          <imsmd:date>
            <imsmd:dateTime>2026-01-12</imsmd:dateTime>
          </imsmd:date>
        </imsmd:contribute>
      </imsmd:lifeCycle>
      <imsmd:rights>
        <imsmd:copyrightAndOtherRestrictions>
          <imsmd:value>yes</imsmd:value>
        </imsmd:copyrightAndOtherRestrictions>
        <imsmd:description>
          <imsmd:string>Private (Copyrighted) - http://en.wikipedia.org/wiki/Copyright</imsmd:string>
        </imsmd:description>
      </imsmd:rights>
    </imsmd:lom>
  </metadata>
  <organizations/>
  <resources>
    <resource identifier="gc4a19d7780629493831de7f9d616dbdb" type="imsqti_xmlv1p2">
      <file href="gc4a19d7780629493831de7f9d616dbdb/gc4a19d7780629493831de7f9d616dbdb.xml"/>
      <dependency identifierref="7c626bb9c27bbfdb11ee20c24725ea09"/>
    </resource>
    <resource identifier="7c626bb9c27bbfdb11ee20c24725ea09" type="associatedcontent/imscc_xmlv1p1/learning-application-resource" href="gc4a19d7780629493831de7f9d616dbdb/assessment_meta.xml">
      <file href="gc4a19d7780629493831de7f9d616dbdb/assessment_meta.xml"/>
    </resource>
    <resource identifier="2ff1827979bce626e8e0221ca41aa5a2" type="webcontent" href="Uploaded Media/EarthsPosition1-1.png">
      <file href="Uploaded Media/EarthsPosition1-1.png"/>
    </resource>
    <resource identifier="ed49b9246cb85c44cc432dd5e1685a69" type="webcontent" href="Uploaded Media/Moon_phase_img1.png">
      <file href="Uploaded Media/Moon_phase_img1.png"/>
    </resource>
    <resource identifier="05bb1e651b3614f410657ef6ebfb26a2" type="webcontent" href="Uploaded Media/Moon_phase_img2.png">
      <file href="Uploaded Media/Moon_phase_img2.png"/>
    </resource>
    <resource identifier="3b030d1c2592e36dd9c96fcd360340c7" type="webcontent" href="Uploaded Media/Moon_phase_img3.png">
      <file href="Uploaded Media/Moon_phase_img3.png"/>
    </resource>
    <resource identifier="6425d3d66e475b1d197e134b77d307d5" type="webcontent" href="Uploaded Media/Moon_phase_img4.png">
      <file href="Uploaded Media/Moon_phase_img4.png"/>
    </resource>
    <resource identifier="g420b5d74a9eea8a2891ecd0d65499e9d" type="associatedcontent/imscc_xmlv1p1/learning-application-resource" href="non_cc_assessments/g420b5d74a9eea8a2891ecd0d65499e9d.xml.qti">
      <file href="non_cc_assessments/g420b5d74a9eea8a2891ecd0d65499e9d.xml.qti"/>
    </resource>
  </resources>
</manifest>
